statId,statNm,addr,lat,lng,kindDetail,busiNm
SF003146,에덴휴게소 (완속충전기),경기도 가평군 청평면 경춘로 1444,37.778277702,127.46475665,C002,(주)스타코프
ME178003,기흥(부산) 휴게소,경기도 용인시 기흥구 공세로 173 (공세동),37.2356557,127.105021,C001,기후에너지환경부
ME178004,김천(부산) 휴게소,경상북도 김천시 농소면 경부고속도로 193 (신촌리),36.129385,128.164209,C001,기후에너지환경부
ME178005,김천(서울) 휴게소,경상북도 김천시 농소면 경부고속도로 194 (신촌리),36.1307247,128.1632209,C001,기후에너지환경부
ME178009,서울만남(부산) 휴게소,서울특별시 서초구 양재대로12길 73-71 (원지동),37.4600218,127.0420378,C001,기후에너지환경부
ME178010,입장거봉포도(서울) 휴게소,충청남도 천안시 서북구 입장면 연곡길 407,36.9427836,127.1943661,C001,기후에너지환경부
ME178011,천안삼거리(서울) 휴게소,충청남도 천안시 동남구 쉼1길 42 (삼룡동)173-1,36.7882107,127.1735101,C001,기후에너지환경부
ME178012,금강(부산) 휴게소,충청북도 옥천군 동이면 금강로 596 (조령리),36.2791549,127.6736776,C001,기후에너지환경부
ME178014,옥산(부산) 휴게소,충청북도 청주시 흥덕구 옥산면 경부고속도로 309 (오산리),36.6567726,127.3703995,C001,기후에너지환경부
ME178016,옥천만남 휴게소,충청북도 옥천군 옥천읍 중앙로 135 (삼양리),36.3079099,127.5731265,C001,기후에너지환경부
ME178017,음성(남이) 휴게소,충청북도 음성군 삼성면 용성리 산 44,37.0186894,127.4809059,C001,기후에너지환경부
ME178019,죽암(서울) 휴게소,충청북도 청주시 서원구 현도면 경부고속도로 290,36.4957964,127.4308677,C001,기후에너지환경부
ME178020,청주(서울) 휴게소,충청북도 청주시 흥덕구 옥산면 경부고속도로 318 (장남리),36.7162491,127.3487936,C001,기후에너지환경부
ME178022,황간(서울) 휴게소,충청북도 영동군 황간면 회포1길 65 (회포리),36.2485222,127.8546968,C001,기후에너지환경부
ME178024,함평천지(서울) 휴게소,전남광주통합특별시 함평군 함평읍 서해안고속도로 38 (죽암리),35.1295648,126.4818537,C001,기후에너지환경부
ME178031,서천(서울) 휴게소,충청남도 서천군 비인면 서해안고속도로 168 (성산리),36.1320831,126.6275272,C001,기후에너지환경부
ME178032,홍성(목포) 휴게소,충청남도 홍성군 은하면 서해안고속도로 221 (금국리),36.5520256,126.579626,C001,기후에너지환경부
ME178041,정읍녹두장군(순천) 휴게소,전북특별자치도 정읍시 북면 정신로 135-61 (남산리),35.6015871,126.8626805,C001,기후에너지환경부
ME178043,이천(남이) 휴게소,경기도 이천시 마장면 중부대로609번길 244-35 (목리),37.2651225,127.4032213,C001,기후에너지환경부
ME178045,음성(하남) 휴게소,충청북도 음성군 삼성면 중부고속도로 52 (양덕리),37.0227527,127.4844255,C001,기후에너지환경부
ME178046,건천(부산) 휴게소,경상북도 경주시 건천읍 경부고속도로 77 (방내리),35.830231,129.1099622,C001,기후에너지환경부
ME178048,고성공룡나라(통영) 휴게소,경상남도 고성군 대가면 통영대전고속도로 29 (송계리),35.0515247,128.2640664,C001,기후에너지환경부
ME178049,고성공룡나라(대전) 휴게소,경상남도 고성군 대가면 통영대전고속도로 32 (신전리),35.0570523,128.2513447,C001,기후에너지환경부
ME178055,금산인삼랜드(대전) 휴게소,충청남도 금산군 군북면 대암길 34-30 (외부리),36.1550665,127.4964759,C001,기후에너지환경부
ME178066,하남드림 휴게소,경기도 하남시 중부고속도로 117-1 (천현동),37.53046,127.206888,C001,기후에너지환경부
ME178069,충주(창원) 휴게소,충청북도 충주시 중앙탑면 중부내륙고속도로 231 (용전리),37.0219027,127.8379417,C001,기후에너지환경부
ME178070,충주(양평) 휴게소,충청북도 충주시 중앙탑면 중부내륙고속도로 230 (용전리),37.0235629,127.8390638,C001,기후에너지환경부
ME178075,단양팔경(부산) 휴게소,충청북도 단양군 적성면 기동2길 32-37 (기동리),36.9946821,128.2885772,C001,기후에너지환경부
ME178076,단양팔경(춘천) 휴게소,충청북도 단양군 단성면 하방3길 100 (하방리),36.9434738,128.3235426,C001,기후에너지환경부
ME178081,구정(삼척) 휴게소,강원특별자치도 강릉시 구정면 동해고속도로 345 (제비리),37.7217564,128.8520681,C001,기후에너지환경부
ME178082,동해(삼척) 휴게소,강원특별자치도 동해시 동해대로 6437 동해휴게소동해방향 (망상동),37.60143,129.0738745,C001,기후에너지환경부
ME178084,사천(부산) 휴게소,경상남도 사천시 곤양면 서삼로 619 (묵곡리),35.0732831,128.0110198,C001,기후에너지환경부
ME178089,거창(광주) 휴게소,경상남도 거창군 가조면 가조가야로 1523 (도리),35.7084155,128.0576192,C001,기후에너지환경부
ME178090,거창(대구) 휴게소,경상남도 거창군 가조면 도리 453,35.7056972,128.0571946,C001,기후에너지환경부
ME178094,강천산(대구) 휴게소,전북특별자치도 순창군 순창읍 88올림픽고속도로 22 (백산리),35.3644118,127.1044692,C001,기후에너지환경부
ME178098,와촌(포항) 휴게소,경상북도 경산시 와촌면 강학길 103 (강학리),35.9520202,128.7754218,C001,기후에너지환경부
ME178100,진안마이산(익산) 휴게소,전북특별자치도 진안군 진안읍 익산장수고속도로 41 (단양리),35.7782697,127.425744,C001,기후에너지환경부
ME178101,진안마이산(장수) 휴게소,전북특별자치도 진안군 진안읍 익산장수고속도로 42 (단양리),35.774925,127.4262837,C001,기후에너지환경부
ME178103,의성(영덕) 휴게소,경상북도 의성군 안계면 새못안길 45-47 (양곡리),36.4096239,128.4467906,C001,기후에너지환경부
ME178107,예산(당진) 휴게소,충청남도 예산군 신양면 당진영덕고속도로 33 (서계양리),36.6182862,126.8471263,C001,기후에너지환경부
ME178109,안성맞춤(제천) 휴게소,경기도 안성시 서운면 신능리 51-11,36.96806,127.2750034,C001,기후에너지환경부
ME178111,금왕(제천) 휴게소,충청북도 음성군 금왕읍 평택제천고속도로 70 (용계리),36.9688428,127.5902964,C001,기후에너지환경부
ME178123,구리(일산) 휴게소,경기도 구리시 수도권제1순환고속도로 32,37.627658,127.1394734,C001,기후에너지환경부
ME178124,성남휴게소(외측방향),경기도 성남시 수정구 산성대로 41 (수진동),37.436011313,127.12429257,C001,기후에너지환경부
ME178126,부여백제(공주) 휴게소,충청남도 부여군 내산면 서천공주고속도로 26 (율암리),36.2595399,126.8007516,C001,기후에너지환경부
ME178127,부여백제(서천) 휴게소,충청남도 부여군 내산면 서천공주고속도로 25 (율암리),36.2570854,126.7961141,C001,기후에너지환경부
ME178135,낙동강구미휴게소(상행),경상북도 구미시 도개면 용산3길 122-65,36.3430327,128.3013225,C001,기후에너지환경부
ME178136,낙동강의성휴게소(하행),경상북도 구미시 도개면 용산리 산21-8,36.345174,128.2967428,C001,기후에너지환경부
ME178137,군위영천휴게소(하행),대구광역시 군위군 산성면 치산효령로 865-43,36.070161,128.7097063,C001,기후에너지환경부
ME178142,오산(과천) 휴게소,경기도 오산시 지곶동 산60,37.1790234,127.0373578,C001,기후에너지환경부
ME178143,오산(동탄) 휴게소,경기도 오산시 수도권제2순환고속도로 14,37.1764775,127.0386451,C001,기후에너지환경부
ME181108,안성(서울) 휴게소,경기도 안성시 원곡면 산하리 421-4 ,37.076523,127.132887,C001,기후에너지환경부
ME181221,합천관광휴게소,경상남도 합천군 쌍백면 쌍백중앙로162-8,35.450210655,128.14442996,C002,기후에너지환경부
ME183211,성주(양평) 휴게소,경상북도 성주군 초전면 용봉리 129-5,36.0078608,128.2610295,C001,기후에너지환경부
ME183212,성주(창원) 휴게소,경상북도 성주군 대가면 중부내륙고속도로 97,36.010903,128.2606992,C001,기후에너지환경부
ME184013,안성(서울) 휴게소,경기도 안성시 원곡면 경부고속도로 372,37.077457,127.131745,C001,기후에너지환경부
ME184016,안성맞춤(제천) 휴게소,경기도 안성시 서운면 평택제천고속도로 40,36.96816,127.2748034,C001,기후에너지환경부
ME184021,송전휴게소,경기도 용인시 처인구 이동면 남북대로 2616,37.140527,127.204711,C002,기후에너지환경부
ME184030,진주(부산) 휴게소,경상남도 진주시 남해고속도로 194 ,35.159874,128.1230565,C001,기후에너지환경부
ME184034,목화휴게소,경상남도 사천시 용현면 사천대로 912,35.001863,128.054131,C002,기후에너지환경부
ME184060,보현산댐휴게소,경상북도 영천시 화북면 천문로 3087,36.155603,128.915953,C002,기후에너지환경부
ME184106,해남광장(해남터널입구광장),전남광주통합특별시 해남군 해남읍 해남로 160-60,35.5656337,126.6217939,C002,기후에너지환경부
ME184138,홍성(목포) 휴게소,충청남도 홍성군 은하면 서해안고속도로 221,36.5518466,126.5797654,C001,기후에너지환경부
ME184147,충주(양평) 휴게소,충청북도 충주시 중앙탑면 중부내륙고속도로 230,37.0242385,127.8370173,C001,기후에너지환경부
ME18A167,강천산(광주) 휴게소,전북특별자치도 순창군 순창읍 광주대구고속도로 27,35.365764,127.105461,C001,기후에너지환경부
ME18A186,벌곡(대전) 휴게소,충청남도 논산시 벌곡면 벌곡로 9-58,36.210963,127.270945,C001,기후에너지환경부
ME18A200,예산(당진) 휴게소,충청남도 예산군 신양면 당진영덕고속도로 33,36.619441,126.846334,C001,기후에너지환경부
ME18B108,문막(강릉) 휴게소,강원특별자치도 원주시 문막읍 원문로 1234,37.33527,127.85826,C001,기후에너지환경부
ME18B118,평창(강릉) 휴게소,강원특별자치도 평창군 용평면 경강로 2159-58,37.60558,128.45268,C001,기후에너지환경부
ME18B122,횡성(인천) 휴게소,강원특별자치도 횡성군 안흥면 영동고속도로 153,37.46498,128.13544,C001,기후에너지환경부
ME18B130,매송(서울) 휴게소,경기도 화성시 효행구 매송면 서해안고속도로 316-1,37.26387,126.89065,C001,기후에너지환경부
ME18B131,매송(목포) 휴게소,경기도 화성시 효행구 매송면 서해안고속도로 315,37.26483,126.88756,C001,기후에너지환경부
ME18B150,송산포도(평택) 휴게소,경기도 화성시 송산면 평택시흥고속도로 25,37.2380223,126.7566458,C001,기후에너지환경부
ME18C115,사천(부산) 휴게소,경상남도 사천시 곤양면 서삼로 619,35.073612,128.011383,C001,기후에너지환경부
ME18C137,건천(부산) 휴게소,경상북도 경주시 건천읍 경부고속도로 77,35.830525,129.1102656,C001,기후에너지환경부
ME18C149,화서(상주) 휴게소,경상북도 상주시 화서면 터골길 51-25,36.4444137,127.9212556,C001,기후에너지환경부
ME18C501,언양(서울) 휴게소,울산광역시 울주군 언양읍 언동3길 20-48,35.598538,129.142161,C001,기후에너지환경부
ME18C506,옥천만남 휴게소,충청북도 옥천군 옥천읍 삼양리 125,36.30829,127.573397,C002,기후에너지환경부
ME18C510,옥산(부산) 휴게소,충청북도 청주시 옥산면 경부고속도로 309,36.656951,127.370545,C001,기후에너지환경부
ME18C511,청주(서울) 휴게소,충청북도 청주시 흥덕구 옥산면 경부고속도로 318,36.71654,127.348773,C001,기후에너지환경부
ME19D103,강천산(광주) 휴게소,전북특별자치도 순창군 순창읍 광주대구고속도로 27,35.36569983,127.10506554,C002,기후에너지환경부
ME19D112,경기 갈매동구릉영업소,경기도 구리시 갈매동 53-44,37.63187187,127.12538841,C002,기후에너지환경부
ME19D201,양산(서울) 휴게소,경상남도 양산시 동면 목장길 15-50,35.32279605,129.057324,C002,기후에너지환경부
ME19D202,망양휴게소,경상북도 울진군 매화면 망양북로 30,36.87299782,129.42008578,C002,기후에너지환경부
ME19D203,금산면 거금휴게소 주차장(상행),전남광주통합특별시 고흥군 금산면 신촌리 314,34.48776035,127.12087328,C002,기후에너지환경부
ME19D204,금산면 거금휴게소 주차장(하행),전남광주통합특별시 고흥군 금산면 신촌리 317-1,34.48758094,127.12225293,C002,기후에너지환경부
ME19D206,남별내영업소,경기도 남양주시 별내면 구리포천고속도로 11,37.67657261,127.13685314,C002,기후에너지환경부
ME19D207,신북영업소,경기도 포천시 군내면 반월산성로 204-102,37.9016117,127.2252195,C002,기후에너지환경부
ME19D208,진주(부산) 휴게소,경상남도 진주시 남해고속도로 194,35.15966892,128.12071116,C002,기후에너지환경부
ME19D401,진영(순천) 휴게소,경상남도 김해시 진영읍 하계로96번길 68,35.27970412,128.71683077,C002,기후에너지환경부
ME19D402,문산(순천) 휴게소,경상남도 진주시 문산읍 남해고속도로 195,35.17208503,128.15257103,C002,기후에너지환경부
ME19F120,오산(과천) 휴게소 ,경기도 오산시 수도권제2순환고속도로 13,37.179012,127.036503,C001,기후에너지환경부
ME19F254,오산(동탄)휴게소,경기도 오산시 수도권제2순환고속도로 14,37.175764,127.038231,C002,기후에너지환경부
ME20A192,송산포도(시흥) 휴게소,경기도 화성시 송산면 평택시흥고속도로25,37.2362794,126.7571682,C001,기후에너지환경부
ME20A277,송산포도(평택) 휴게소,경기도 화성시 송산면 평택시흥고속도로25,37.2380315,126.7565421,C001,기후에너지환경부
ME20A403,안성(서울) 휴게소,경기도 안성시 원곡면 경부고속도로 372,37.077522,127.1317147,C001,기후에너지환경부
ME20A602,이천(남이) 휴게소,경기도 이천시 마장면 중부대로609번길 244-35,37.26508,127.40298,C001,기후에너지환경부
ME20B150,고금휴게소,전남광주통합특별시 완도군 고금면 고금로 1177,34.4381773,126.8264438,C002,기후에너지환경부
ME20C194,울주(울산) 휴게소,울산광역시 울주군 삼동면 보은리 산213-15,35.5129292,129.1277137,C001,기후에너지환경부
ME20C195,울주(함양) 휴게소,울산광역시 울주군 삼동면 보은리 산193-1,35.5129292,129.1277137,C001,기후에너지환경부
ME20D901,죽전(서울) 휴게소,경기도 용인시 수지구 경부고속도로400,37.3316793,127.1045386,C001,기후에너지환경부
ME21A105,남성주참외(창원) 휴게소,경상북도 성주군 선남면 명포리 883,35.86949,128.316662,C001,기후에너지환경부
ME21A107,정읍녹두장군(천안) 휴게소,전북특별자치도 정읍시 북면 하북1길 227-23,35.6002847,126.8642198,C001,기후에너지환경부
ME21A109,서천(서울) 휴게소,충청남도 서천군 비인면 서해안고속도로 168,36.132255,126.6273813,C001,기후에너지환경부
ME21A111,공주(대전) 휴게소,충청남도 공주시 송선동 320-16,36.4968854,127.1650857,C001,기후에너지환경부
ME21A113,오창(남이) 휴게소,충청북도 청주시 청원구 중부고속도로 19,36.7591587,127.4814778,C001,기후에너지환경부
ME21A201,와촌(포항) 휴게소,경상북도 경산시 와촌면 강학길 103,35.9519105,128.7754773,C001,기후에너지환경부
ME21A204,건천(서울) 휴게소,경상북도 경주시 건천읍 경부고속도로 76-1,35.8317477,129.1085765,C001,기후에너지환경부
ME21A207,군산(목포) 휴게소,전북특별자치도 군산시 성산면 서해안고속도로 141,35.9805129,126.8294526,C001,기후에너지환경부
ME21A208,의성(청주) 휴게소,경상북도 의성군 안계면 양곡리 새못안길 45-49,36.4106398,128.4450048,C001,기후에너지환경부
ME21A209,천안호두(부산) 휴게소,충청남도 천안시 동남구 성남면 대화리 산8-12,36.7304185,127.2638826,C001,기후에너지환경부
ME21A210,청주(서울) 휴게소,충청북도 청주시 흥덕구 옥산면 장남리 285-4,36.7164453,127.3486535,C001,기후에너지환경부
ME21A211,대천(서울) 휴게소,충청남도 보령시 주교면 주교리 903-34,36.3752411,126.5578521,C001,기후에너지환경부
ME21A212,진안마이산(익산) 휴게소,전북특별자치도 진안군 진안읍 익산장수고속도로 41,35.7782664,127.4258873,C001,기후에너지환경부
ME21A214,예산(당진) 휴게소,충청남도 예산군 신양면 서계양리 736,36.6183541,126.8471444,C001,기후에너지환경부
ME21A215,서산(목포) 휴게소,충청남도 서산시 해미면 서해안고속도로 241,36.743812,126.565712,C001,기후에너지환경부
ME21A216,금왕(평택) 휴게소,충청북도 음성군 금왕읍 용계리 192,36.9703861,127.5896032,C001,기후에너지환경부
ME21A217,천등산(제천) 휴게소,충청북도 충주시 산척면 평택제천고속도로 106,37.0616622,127.9393626,C001,기후에너지환경부
ME21A218,천등산(평택) 휴게소,충청북도 충주시 산척면 평택제천고속도로 109,37.0765486,127.9893099,C001,기후에너지환경부
ME21A219,거창(광주) 휴게소,경상남도 거창군 가조면 가조가야로 1523,35.7082702,128.0579304,C001,기후에너지환경부
ME21A220,거창(대구) 휴게소,경상남도 거창군 가조면 도리 454-9,35.7061194,128.0569299,C001,기후에너지환경부
ME21A301,영천(포항) 휴게소,경상북도 영천시 임고면 금대리 140-1,36.0511109,129.0437918,C001,기후에너지환경부
ME21A302,경산(서울) 휴게소,경상북도 경산시 진량읍 대학로 1089,35.8789092,128.8105778,C001,기후에너지환경부
ME21A303,청통(대구) 휴게소,경상북도 영천시 청통면 우천리 산177-1,35.993661,128.8594079,C001,기후에너지환경부
ME21A304,건천(부산) 휴게소,경상북도 경주시 건천읍 방내리 12-5,35.8304614,129.110219,C001,기후에너지환경부
ME21A305,동명(부산) 휴게소,경상북도 칠곡군 동명면 중앙고속도로 123,36.0066103,128.5467896,C001,기후에너지환경부
ME21A306,칠곡(부산) 휴게소,경상북도 칠곡군 왜관읍 경부고속도로 159,36.0195419,128.4288993,C001,기후에너지환경부
ME21A307,입장거봉포도(서울) 휴게소,충청남도 천안시 서북구 입장면 연곡길 407,36.9428168,127.1942243,C001,기후에너지환경부
ME21A308,죽암(서울) 휴게소,충청북도 청주시 서원구 현도면 선동2길 232-9,36.4969259,127.4304364,C001,기후에너지환경부
ME21A309,천안삼거리(서울) 휴게소,충청남도 천안시 동남구 구성동 153-77,36.7876902,127.1733336,C001,기후에너지환경부
ME21A311,음성(하남) 휴게소,충청북도 음성군 삼성면 양덕리 472-3,37.0227202,127.4842834,C001,기후에너지환경부
ME21A312,김천(부산) 휴게소,경상북도 김천시 농소면 경부고속도로 193,36.1293098,128.1631495,C001,기후에너지환경부
ME21A401,충주(창원) 휴게소,충청북도 충주시 중앙탑면 중부내륙고속도로 231,37.0219511,127.8378569,C001,기후에너지환경부
ME21A402,단양팔경(춘천) 휴게소,충청북도 단양군 단성면 하방3길 100,36.9427918,128.3225923,C001,기후에너지환경부
ME21A403,괴산(양평) 휴게소,충청북도 괴산군 장연면 중부내륙고속도로 204,36.8319023,127.959893,C001,기후에너지환경부
ME21A404,화서(영덕) 휴게소,경상북도 상주시 화서면 상용리 396-9,36.4444749,127.9211457,C001,기후에너지환경부
ME21A405,안동(춘천) 휴게소,경상북도 안동시 풍산읍 풍산태사로 1913-54,36.5532363,128.6448096,C001,기후에너지환경부
ME21A406,선산(창원) 휴게소,경상북도 구미시 옥성면 중부내륙고속도로 129-1,36.2745132,128.2508434,C001,기후에너지환경부
ME21A407,공주(당진) 휴게소,충청남도 공주시 의당면 청룡리 65-12,36.4986257,127.1664634,C001,기후에너지환경부
ME21A901,추풍령(서울) 휴게소,경상북도 김천시 봉산면 경부고속도로 214-1,36.2003533,128.0031953,C001,기후에너지환경부
ME21A902,추풍령(부산) 휴게소,경상북도 김천시 봉산면 경부고속도로 213,36.2000503,128.0007836,C001,기후에너지환경부
ME21A903,논공(대구) 휴게소,대구광역시 달성군 논공읍 삼리리 538-2,35.7649622,128.40266,C001,기후에너지환경부
ME21A904,예산(대전) 휴게소,충청남도 예산군 대흥면 탄방리 136,36.6243077,126.8395678,C001,기후에너지환경부
ME21A905,안성맞춤(평택) 휴게소,경기도 안성시 서운면 평택제천고속도로 41,36.9696449,127.2745799,C001,기후에너지환경부
ME21A906,신탄진(서울) 휴게소,대전광역시 대덕구 상서동 373-21,36.4267118,127.4181826,C001,기후에너지환경부
ME21A907,충주(양평) 휴게소,충청북도 충주시 중앙탑면 중부내륙고속도로 230,37.0228414,127.8389125,C001,기후에너지환경부
ME21A908,치악(춘천) 휴게소,강원특별자치도 원주시 신림면 다리실2길 32,37.2561655,128.0494154,C001,기후에너지환경부
ME21A909,금산인삼랜드(대전) 휴게소,충청남도 금산군 군북면 대암길 34-30,36.1547139,127.4973913,C001,기후에너지환경부
ME21A910,논공(광주) 휴게소,대구광역시 달성군 논공읍 광주대구고속도로 169,35.7672171,128.4034658,C001,기후에너지환경부
ME21A911,성주(양평) 휴게소,경상북도 성주군 초전면 중부내륙고속도로 98,36.0076887,128.2609428,C001,기후에너지환경부
ME21A912,고창고인돌(목포) 휴게소,전북특별자치도 고창군 신림면 서해안고속도로 81,35.4684345,126.6740667,C001,기후에너지환경부
ME21A913,대천(목포) 휴게소,충청남도 보령시 주교면 주교리 918-6,36.3727068,126.556007,C001,기후에너지환경부
ME21A914,장흥정남진 휴게소,전남광주통합특별시 장흥군 부산면 호계리 산215-2,34.7209284,126.9293707,C001,기후에너지환경부
ME21A915,속리산(청주) 휴게소,충청북도 보은군 마로면 적암리 182-7,36.4469821,127.8691518,C001,기후에너지환경부
ME21B1F9,여산(순천) 휴게소,전북특별자치도 익산시 여산면 호남고속도로 191,36.04789,127.102669,C001,기후에너지환경부
ME21B262,군위(춘천) 휴게소,대구광역시 군위군 군위읍 경북대로 4082,36.2658005,128.5768088,C001,기후에너지환경부
ME21B413,단양팔경(부산) 휴게소,충청북도 단양군 적성면 기동2길 32-37,36.9951146,128.2874558,C001,기후에너지환경부
ME21D001,진영(순천) 휴게소,경상남도 김해시 진영읍 하계로96번길 68,35.27977,128.7152512,C001,기후에너지환경부
ME21D011,장안(울산) 휴게소,부산광역시 기장군 장안읍 동해고속도로 26,35.381878,129.2485774,C001,기후에너지환경부
ME21D012,장안(부산) 휴게소,부산광역시 기장군 장안읍 명례리 835,35.3782403,129.2462302,C001,기후에너지환경부
ME21D019,김천(서울) 휴게소,경상북도 김천시 농소면 경부고속도로 194,36.1307247,128.1632209,C001,기후에너지환경부
ME21D020,김천(부산) 휴게소,경상북도 김천시 농소면 경부고속도로 193,36.1291734,128.1635057,C001,기후에너지환경부
ME21D022,청도새마을(부산) 휴게소,경상북도 청도군 청도읍 하지길 59-49,35.5947583,128.7672347,C001,기후에너지환경부
ME21D028,함평천지(서울) 휴게소,전남광주통합특별시 함평군 손불면 서해안고속도로 38,35.1298376,126.4820134,C001,기후에너지환경부
ME21D044,서하남(판교) 휴게소,,37.5257386,127.1926065,C001,기후에너지환경부
ME21D051,문막(강릉) 휴게소,강원특별자치도 원주시 문막읍 원문로 1234,37.3359604,127.8586115,C001,기후에너지환경부
ME21D053,평창(강릉) 휴게소,강원특별자치도 평창군 용평면 경강로 2159-58,37.6057707,128.4535922,C001,기후에너지환경부
ME21D054,평창(인천) 휴게소,강원특별자치도 평창군 용평면 탑거리길 63,37.6105041,128.4629736,C001,기후에너지환경부
ME21D055,횡성(인천) 휴게소,강원특별자치도 횡성군 안흥면 영동고속도로 153,37.4652035,128.1343493,C001,기후에너지환경부
ME21D056,횡성(강릉) 휴게소,강원특별자치도 횡성군 안흥면 영동고속도로 154,37.46255,128.1351325,C001,기후에너지환경부
ME21D088,어리목휴게소,제주특별자치도 제주시 1100로 2070-61,33.3918158,126.494601,C002,기후에너지환경부
ME21X004,의왕(의왕) 휴게소,경기도 의왕시 오전로 24,37.349199056,126.98452647,C001,기후에너지환경부
ME21X006,함평천지(목포) 휴게소,전남광주통합특별시 함평군 함평읍 서해안고속도로 31,35.070199,126.478378,C001,기후에너지환경부
ME21X007,청도새마을(대구) 휴게소,경상북도 청도군 청도읍 하지길 59-50,35.5945275,128.7697976,C001,기후에너지환경부
ME22C117,여주영업소,경기도 여주시 장여로 1758,37.2537128,127.6498171,C001,기후에너지환경부
ME22C118,경기동서순환도로,경기도 화성시 마도면 쌍송길 119번길 133,37.188475,126.787473,C002,기후에너지환경부
ME22C122,남청라영업소,인천광역시 서해구 청라동 194-2,37.5152149,126.6207346,C002,기후에너지환경부
ME22C128,거창(광주)휴게소,경상남도 거창군 가조면 가조가야로 1543-81,35.7084325,128.0573667,C001,기후에너지환경부
ME22C129,마산영업소,경상남도 창원시 의창구 구암동정길 155,35.2594288,128.6059592,C001,기후에너지환경부
ME22C140,완주(장수)임시주차장,전북특별자치도 완주군 용진읍 익산장수고속도로 14,35.8764104,127.1943031,C001,기후에너지환경부
ME22C141,완주(익산)임시주차장,전북특별자치도 완주군 용진읍 익산장수고속도로 13,35.8778651,127.1958577,C001,기후에너지환경부
ME22C142,남원(대구)임시주차장,전북특별자치도 남원시 광주대구고속도로 52,35.4156338,127.344254,C001,기후에너지환경부
ME22C143,남원(광주)임시주차장,전북특별자치도 남원시 광주대구고속도로 51,35.4164804,127.341548,C001,기후에너지환경부
ME22C148,황간(서울)휴게소,충청북도 영동군 회포1길 65,36.2485222,127.8546968,C001,기후에너지환경부
ME22C156,남원주영업소,강원특별자치도 원주시 지니기길 35,37.3240254,127.9253743,C001,기후에너지환경부
ME22C160,안성맞춤(제천)휴게소,경기도 안성시 서운면 평택제천고속도로 40,36.9680549,127.2750808,C001,기후에너지환경부
ME22C161,서울하이패스센터(입구),경기도 성남시 분당구 궁내동 257-2,37.3704346,127.102605,C001,기후에너지환경부
ME22C162,가평(서울)휴게소,경기도 가평군 설악면 미사로544,37.7008523,127.5434852,C002,기후에너지환경부
ME22C163,가평(춘천)휴게소,경기도 가평군 설악면 미사리 146-2,37.7028504,127.5468245,C002,기후에너지환경부
ME22C183,안동(부산)휴게소,경상북도 안동시 풍산읍 풍산태사로 1903-27,36.5524793,128.6421832,C001,기후에너지환경부
ME22C184,영천(포항)휴게소,경상북도 영천시 임고면 금대리 1007-6,36.051131,129.0437385,C001,기후에너지환경부
ME22C185,와촌(포항)휴게소,경상북도 경산시 와촌면 강학리 산71-25,35.9520814,128.776491,C001,기후에너지환경부
ME22C186,낙동강의성휴게소(하행),경상북도 구미시 도개면 용산리 산21-8,36.3448149,128.2969842,C002,기후에너지환경부
ME22C187,왜관영업소,경상북도 칠곡군 왜관읍 칠곡대로 1779-60,35.9788825,128.4294021,C001,기후에너지환경부
ME22C1D0,영광(목포)임시주차장,전남광주통합특별시 영광군 군서면 서해안고속도로 51,35.2421364,126.5093276,C001,기후에너지환경부
ME22C1E2,부안고려청자(서울)휴게소,전북특별자치도 부안군 주산면 덕림리 922-19,35.6724448,126.7349208,C001,기후에너지환경부
ME22C1E3,부안고려청자(목포)휴게소,전북특별자치도 부안군 주산면 덕림리 933-7,35.6713681,126.7316917,C001,기후에너지환경부
ME22C1G4,벌곡(대전)휴게소,충청남도 논산시 벌곡면 양산리 156,36.209817,127.2697871,C001,기후에너지환경부
ME22C1H0,금왕(제천)휴게소,충청북도 음성군 금왕읍 평택제천고속도로 70,36.9688197,127.5901684,C001,기후에너지환경부
ME22C1H1,진천영업소,충청북도 진천군 진천읍 덕금로 192-1,36.8403362,127.4692513,C001,기후에너지환경부
ME22C214,부산영업소,부산광역시 금정구 두구동 1488-9,35.2792504,129.1051894,C001,기후에너지환경부
ME22C216,군산(목포)휴게소,전북특별자치도 군산시 성산면 서해안고속도로 141,35.9812334,126.8286226,C001,기후에너지환경부
ME22C223,치악(부산)휴게소,강원특별자치도 원주시 신림면 금창리 341-1,37.2545067,128.0481578,C001,기후에너지환경부
ME22C238,평사(부산)휴게소,경상북도 경산시 진량읍 평사리 171-2,35.8851386,128.8656815,C001,기후에너지환경부
ME22C250,논공(대구)휴게소(5번국도),대구광역시 달성군 논공읍 삼리리 538-4,35.7642989,128.4020386,C001,기후에너지환경부
ME22C258,안동(춘천)휴게소,경상북도 안동시 풍산읍 계평리 산133-4,36.5522939,128.6439603,C001,기후에너지환경부
ME22C297,금왕(평택)휴게소,충청북도 음성군 금왕읍 용계리 191-2,36.9706816,127.5898179,C001,기후에너지환경부
ME22C298,음성(남이)휴게소,충청북도 음성군 삼성면 용성리 중부고속도로 51,37.018287,127.4807047,C001,기후에너지환경부
ME22C303,단양팔경(춘천)휴게소,충청북도 단양군 단성면 하방3길 100,36.9426622,128.3228154,C001,기후에너지환경부
ME22C304,서청주영업소,충청북도 청주시 흥덕구 지동동 410-1,36.6467807,127.4175205,C001,기후에너지환경부
ME22C402,단양팔경(부산)휴게소,충청북도 단양군 적성면 기동2길 32-37,36.9948016,128.2885601,C001,기후에너지환경부
ME22C403,치악(춘천)휴게소,강원특별자치도 원주시 신림면 금창리 다리실2길 32,37.2563734,128.0491558,C001,기후에너지환경부
ME23B201,봉담 졸음쉼터,경기도 화성시 봉담읍 분천리 88-12,37.2084129,126.9666851,C002,기후에너지환경부
ME23B202,오산(과천)휴게소,경기도 오산시 수도권제2순환고속도로 13 (지곶동),37.1790716,127.0374524,C001,기후에너지환경부
ME23B203,오산(동탄) 휴게소,경기도 오산시 수도권제2순환고속도로 14,37.1763868,127.0388967,C001,기후에너지환경부
BE241201,워터 평택호휴게소 평택방향,경기도 평택시 현덕면 권관리 산95,36.9233832,126.9167476,C001,브라이트에너지파트너스
BE241202,워터 평택호휴게소 익산방향,경기도 평택시 현덕면,36.923772,126.9165667,C001,브라이트에너지파트너스
BE241204,워터 예산예당호휴게소 평택방향,충남 예산군 응봉면 신리 183-1,36.6284011,126.7827805,C001,브라이트에너지파트너스
BE241205,워터 예산예당호휴게소 익산방향,충남 예산군 응봉면 신리길 78-10,36.6287174,126.7823629,C001,브라이트에너지파트너스
BE241206,워터 강릉대관령휴게소 강릉방향,강원특별자치도 강릉시 성산면 영동고속도로 232,37.7579034,128.8070992,C001,브라이트에너지파트너스
BE241207,워터 강릉대관령휴게소 인천방향,강원특별자치도 강릉시 성산면 영동고속도로 231,37.7592114,128.8046893,C001,브라이트에너지파트너스
BE241208,워터 내린천휴게소 서울방향,강원특별자치도 인제군 상남면 서울양양고속도로 117,37.9164991,128.2864823,C001,브라이트에너지파트너스
BE241209,워터 내린천휴게소 양양방향,강원특별자치도 인제군 상남면 서울양양고속도로 117,37.915306,128.2880736,C001,브라이트에너지파트너스
BE241210,워터 문막휴게소 인천방향,강원특별자치도 원주시 문막읍 개나루길 13,37.297427,127.8173209,C001,브라이트에너지파트너스
BE241211,워터 서여주휴게소 창원방향,경기도 여주시 세종대왕면 중부내륙고속도로 271,37.2789844,127.5783541,C001,브라이트에너지파트너스
BE241212,워터 여주휴게소 강릉방향,경기도 여주시 가남읍 여주남로 722,37.2380912,127.5702879,C001,브라이트에너지파트너스
BE241213,워터 여주휴게소 인천방향,경기도 여주시 가남읍 화평길 116,37.2393913,127.5700137,C001,브라이트에너지파트너스
BE241214,워터 옥계휴게소 속초방향,강원특별자치도 강릉시 옥계면 동해고속도로 320,37.6151004,129.0608237,C001,브라이트에너지파트너스
BE241215,워터 용인휴게소 강릉방향,경기도 용인시 처인구 주북로94번길 30-1,37.246149,127.241161,C001,브라이트에너지파트너스
BE241216,워터 용인휴게소 인천방향,경기도 용인시 처인구 주북로 66-14,37.2478822,127.2388871,C001,브라이트에너지파트너스
BE241217,워터 원주휴게소 춘천방향,강원특별자치도 원주시 호저면 마근거리길 110,37.4345878,127.9316612,C001,브라이트에너지파트너스
BE241218,워터 평창휴게소 강릉방향,강원특별자치도 평창군 용평면 경강로 2159-58,37.6056518,128.4526894,C001,브라이트에너지파트너스
BE241219,워터 홍천휴게소 서울방향,강원특별자치도 홍천군 화촌면 서울양양고속도로 83,37.7590699,128.0058741,C001,브라이트에너지파트너스
BE241220,워터 홍천휴게소 양양방향,강원특별자치도 홍천군 화촌면 서울양양고속도로 84,37.7573166,128.0043779,C001,브라이트에너지파트너스
BE241221,워터 홍천강휴게소 춘천방향,강원특별자치도 홍천군 북방면 도사곡길 223,37.7129251,127.8278683,C001,브라이트에너지파트너스
BE241222,워터 횡성휴게소 강릉방향,강원특별자치도 횡성군 안흥면 영동고속도로 154-1,37.4633333,128.1345784,C001,브라이트에너지파트너스
BE241223,워터 괴산휴게소 창원방향,충청북도 괴산군 장연면 중부내륙고속도로 205,36.8309538,127.9578331,C001,브라이트에너지파트너스
BE241224,워터 문경휴게소 양평방향,경상북도 문경시 중부내륙고속도로 174,36.6197881,128.1528585,C001,브라이트에너지파트너스
BE241225,워터 문경휴게소 창원방향,경상북도 문경시 중부내륙고속도로 173,36.6205741,128.1499415,C001,브라이트에너지파트너스
BE241226,워터 선산휴게소 양평방향,경상북도 구미시 옥성면 중부내륙고속도로 128,36.2773849,128.2492471,C001,브라이트에너지파트너스
BE241227,워터 천등산휴게소 제천방향,충청북도 충주시 산척면 평택제천고속도로 106,37.0617226,127.9394679,C001,브라이트에너지파트너스
BE241228,워터 천등산휴게소 평택방향,충청북도 충주시 산척면 평택제천고속도로 109,37.0764685,127.9883919,C001,브라이트에너지파트너스
BE241229,워터 충주휴게소 양평방향,충청북도 충주시 중앙탑면 중부내륙고속도로 230,37.0234561,127.839258,C001,브라이트에너지파트너스
BE241230,워터 군위휴게소 부산방향,대구광역시 군위군 군위읍 경북대로 4084,36.2661344,128.5749656,C001,브라이트에너지파트너스
BE241231,워터 남성주참외휴게소 양평방향,경상북도 성주군 용암면 중부내륙고속도로 76,35.8570205,128.3199785,C001,브라이트에너지파트너스
BE241232,워터 안동휴게소 부산방향,경상북도 안동시 풍산읍 풍산태사로 1903-27,36.5529764,128.6423763,C001,브라이트에너지파트너스
BE241233,워터 영천휴게소 대구방향,경상북도 영천시 임고면 운주로 791,36.0531593,129.0454953,C001,브라이트에너지파트너스
BE241234,워터 의성휴게소 청주방향,경상북도 의성군 안계면 새못안길 45-49,36.4108117,128.4450437,C001,브라이트에너지파트너스
BE241235,워터 청통휴게소 대구방향,경상북도 영천시 청통면 청통로 334-42,35.9944665,128.8600402,C001,브라이트에너지파트너스
BE241236,워터 칠곡휴게소 서울방향,경상북도 칠곡군 왜관읍 경부고속도로 158,36.012093,128.4305681,C001,브라이트에너지파트너스
BE241237,워터 경주휴게소 부산방향,경상북도 경주시 내남면 경부고속도로 59,35.724529,129.192708,C001,브라이트에너지파트너스
BE241238,워터 고성공룡나라휴게소 대전방향,경상남도 고성군 대가면 통영대전고속도로 32,35.055977,128.253486,C001,브라이트에너지파트너스
BE241239,워터 고성공룡나라휴게소 통영방향,경상남도 고성군 대가면 통영대전고속도로 29,35.051847,128.263186,C001,브라이트에너지파트너스
BE241240,워터 김해금관가야휴게소 기장방향,경상남도 김해시 대동면 월촌리 773,35.2685185,129.0031401,C001,브라이트에너지파트너스
BE241241,워터 김해금관가야휴게소 창원방향,경상남도 김해시 대동면 동남로 400,35.2703413,129.0037133,C001,브라이트에너지파트너스
BE241242,워터 산청휴게소 대전방향,경상남도 산청군 단성면 통영대전고속도로 76,35.3341368,127.938722,C001,브라이트에너지파트너스
BE241243,워터 산청휴게소 통영방향,경상남도 산청군 단성면 통영대전고속도로 77,35.3344392,127.9371415,C001,브라이트에너지파트너스
BE241244,워터 영산휴게소 창원방향,경상남도 창녕군 영산면 장척호수길 56-110,35.429259,128.495536,C001,브라이트에너지파트너스
BE241245,워터 장유휴게소 서부산방향,경상남도 김해시 장유로116번길 44-82,35.2113796,128.7938558,C001,브라이트에너지파트너스
BE241246,워터 진영휴게소 순천방향,경상남도 김해시 진영읍 우동리 318-5,35.2798891,128.7182241,C001,브라이트에너지파트너스
BE241247,워터 진주휴게소 반려견놀이터주차장,경상남도 진주시 남해고속도로 194,35.159084,128.120542,C001,브라이트에너지파트너스
BE241248,워터 함안휴게소 부산방향,경상남도 함안군 군북면 현포로 205,35.293782,128.347778,C001,브라이트에너지파트너스
BE241249,워터 함안휴게소 순천방향,경상남도 함안군 군북면 현포로 205-1,35.294895,128.343693,C001,브라이트에너지파트너스
BE241250,워터 현풍휴게소 대구방향,대구광역시 달성군 현풍읍 비슬로 741,35.702207,128.437991,C001,브라이트에너지파트너스
BE241251,워터 현풍휴게소 창원방향,대구광역시 달성군 현풍읍 성하길 48,35.70169,128.435728,C001,브라이트에너지파트너스
BE260401,워터 고삼호수휴게소 세종방향,경기 안성시 고삼면 삼은리 산 17-1,37.075894,127.29423,C001,브라이트에너지파트너스
BE260402,워터 고삼호수휴게소 포천방향,경기 안성시 고삼면 봉산리 산 11-9,37.07716,127.294667,C001,브라이트에너지파트너스
BE401904,워터 태안 몽산포해수욕장,충청남도 태안군 남면 달산리 865,36.668787,126.304744,C002,브라이트에너지파트너스
BE482503,워터 보령 대천해수욕장,충청남도 보령시 요암동 376,36.324436,126.554487,C002,브라이트에너지파트너스
BE490403,워터 양양 서피비치,강원특별자치도 양양군 현북면 동해대로 1631,38.030707,128.706625,C002,브라이트에너지파트너스
BPA00025,화성광주고속도로 영업소,경기도 용인시 처인구 포곡읍 석성로 1127-33,37.2,127.2,C001,차밥스
CV000317,경주 괘릉휴게소,경상북도 경주시 외동읍 산업로 2762-3,35.757306,129.314388,C002,채비
CV000760,연풍휴게소,충청북도 괴산군 연풍면 중원대로 190,36.754742,128.011649,C002,채비
CV000925,월악휴게소,충청북도 충주시 수안보면 중원대로 1296,36.8345572,128.0024339,C002,채비
CV000926,진남휴게소,경상북도 문경시 마성면 문경대로 1356,36.6601497,128.1256096,C002,채비
CV000927,생곡휴게소,충청북도 괴산군 칠성면 연풍로 114,36.7769714,127.8918905,C002,채비
CV000928,시루봉휴게소,충청북도 괴산군 연풍면 중부로 6534,36.7584245,127.9738321,C002,채비
CV001109,가야휴게소,경상북도 성주군 수륜면 가야산식물원길 2,35.800339,128.143396,C002,채비
CV001110,조령휴게소,충청북도 괴산군 연풍면 중원대로 221,36.75423,128.008093,C002,채비
CV001111,금강송휴게소,경상북도 울진군 금강송면 불영계곡로 1804,36.938107,129.258452,C002,채비
CV001115,어평재휴게소,강원특별자치도 태백시 태백산로 4162,37.122777,128.899371,C002,채비
CV001160,경기안산복합휴게소,경기도 안산시 단원구 영동고속도로 15,37.3508507,126.8177073,C001,채비
CV001300,청화산농원휴게소,경상북도 상주시 화북면 입석1길 2,36.600108,127.901632,C002,채비
CV001722,만남의광장,충청북도 괴산군 칠성면 괴강로 308,36.802862,127.822692,C002,채비
CV001776,경기안산복합휴게소,경기도 안산시 단원구 영동고속도로 15,37.351153,126.818832,C001,채비
CV001888,신풍휴게소(상주방향),충청남도 공주시 신풍면 당진영덕고속도로 54,36.5232642,126.9964655,C001,채비
CV001981,신풍휴게소(당진방향),충청남도 공주시 신풍면 당진영덕고속도로 53,36.519416,126.99974,C001,채비
CV002804,경기광주휴게소 하행선,경기도 광주시 곤지암읍 만삼로 270,37.37871,127.4372,C001,채비
CV002821,경기양평휴게소 하행선,경기도 양평군 양동면 송석2길 52,37.395886,127.727509,C001,채비
CV002822,경기양평휴게소 상행선,경기도 양평군 양동면 여양3로 384-27,37.39874,127.7228,C001,채비
CV002823,경기광주휴게소 상행선,경기도 광주시 곤지암읍 유사리 179-8,37.3802,127.4239,C001,채비
CV003244,청도새마을휴게소(부산방향),경상북도 청도군 청도읍 하지길 59-49,35.595976,128.767538,C001,채비
CV003267,청도새마을휴게소(대구방향),경상북도 청도군 청도읍 하지길 59-50,35.593782,128.769371,C001,채비
CV003332,인삼관광휴게소,충청북도 증평군 증평읍 중부로 2451,36.7952598,127.5825705,C002,채비
CV003538,호성동 만남의광장,전북특별자치도 전주시 덕진구 완주로 6,35.8677667,127.1475259,C002,채비
CV003603,면천휴게소(상주방향),충청남도 당진시 면천면 당진영덕고속도로 10,36.790911,126.678572,C001,채비
CV003604,면천휴게소(당진방향),충청남도 당진시 면천면 당진영덕고속도로 9,36.790883,126.679933,C001,채비
CV003867,대덕밸리만남의 광장,대전광역시 유성구 대덕대로 977,36.4163563,127.37672,C002,채비
CV004105,대청댐 휴게소,대전광역시 대덕구 대청로 636,36.4750679,127.4788657,C002,채비
CV004134,가천졸음쉼터(대구방향),대구광역시 수성구 가천동 산 21-18,35.8475562,128.689471,C001,채비
CV004157,영종대교휴게소,인천광역시 서해구 정서진남로 25,37.553767,126.607044,C002,채비
CV004279,수동휴게소(화도방향),경기도 남양주시 수동면 비룡로 1183-1,37.727501,127.292203,C001,채비
CV004280,수동휴게소(포천방향),경기도 남양주시 수동면 비룡로 1183,37.7337305,127.291269,C001,채비
CV004560,칠서휴게소(양평방향),"경상남도 함안군 칠서면 계내리 38,1356-4",35.3702961,128.4972354,C001,채비
CV004561,거창휴게소(대구방향),경상남도 거창군 가조면 가조가야로 1523,35.706102,128.0575488,C001,채비
CV004564,성주휴게소(양평방향),경상북도 성주군 초전면 중부내륙고속도로 98,36.0076168,128.2609592,C001,채비
CV004565,시흥하늘휴게소(일산방향),경기도 시흥시 수도권제1순환고속도로 105-1,37.385261,126.8557281,C001,채비
CV004566,평사휴게소(부산방향),경상북도 경산시 진량읍 경부고속도로 105,35.8851745,128.8653968,C001,채비
CV004567,거창휴게소(광주방향),경상남도 거창군 가조면 가조가야로 1543-81,35.708378,128.0588178,C001,채비
CV004572,문산휴게소(순천방향),경상남도 진주시 문산읍 남해고속도로 195,35.1720577,128.1526988,C001,채비
CV004573,외동휴게소(부산방향),경상북도 경주시 외동읍 상석길 58-74,35.6722541,129.2853804,C001,채비
CV004574,함평천지휴게소(서울방향),전남광주통합특별시 함평군 손불면 서해안고속도로 38,35.1313441,126.4820481,C001,채비
CV004575,남성주참외휴게소(창원방향),경상북도 성주군 선남면 중부내륙고속도로 77,35.8682504,128.3167949,C001,채비
CV004577,추풍령휴게소(부산방향),경상북도 김천시 봉산면 경부고속도로 213-1,36.2015123,128.0004282,C001,채비
CV004580,시흥하늘휴게소(판교방향 2층),경기도 시흥시 조남동 198-22,37.383106,126.8540564,C001,채비
CV004581,와촌휴게소(포항방향),경상북도 경산시 와촌면 강학리 산71-1,35.9519462,128.7744631,C001,채비
CV004583,언양휴게소(서울방향),울산광역시 울주군 언양읍 경부고속도로 44,35.5972281,129.141484,C001,채비
CV004584,칠곡휴게소(부산방향),경상북도 칠곡군 석적읍 경부고속도로 159,36.0205425,128.4284661,C001,채비
CV004586,경산휴게소(서울방향),경상북도 경산시 진량읍 대학로 1089,35.8787862,128.8095519,C001,채비
CV004729,함양휴게소(통영방향),경상남도 함양군 지곡면 효산길 23-31,35.5519876,127.7585496,C001,채비
CV004730,함양휴게소(대전방향),경상남도 함양군 지곡면 효산길 23-11,35.5519293,127.7600842,C001,채비
CV004731,춘향휴게소(완주방향),전북특별자치도 남원시 수지면 순천완주고속도로 50,35.3377397,127.353813,C001,채비
CV004732,춘향휴게소(순천방향),전북특별자치도 남원시 수지면 순천완주고속도로 49,35.3370177,127.351629,C001,채비
CV004733,외동휴게소(포항방향),경상북도 경주시 외동읍 상석길 58-70,35.6734517,129.2883657,C001,채비
CV004734,영천휴게소(포항방향),경상북도 영천시 임고면 운주로 777,36.0519821,129.0411471,C001,채비
CV004735,김천휴게소(서울방향),경상북도 김천시 농소면 경부고속도로 194,36.1307545,128.1632089,C001,채비
CV004736,논공휴게소(대구방향),대구광역시 달성군 논공읍 삼리리 538-2,35.7643673,128.4021587,C001,채비
CV004741,울주휴게소(울산방향),울산광역시 울주군 삼동면 함양울산고속도로 134,35.5101909,129.1310259,C001,채비
CV004761,김천휴게소(부산방향),경상북도 김천시 농소면 경부고속도로 193,36.1293069,128.1656465,C001,채비
EC310001,언양(서울)휴게소 (급),울산광역시 울주군 언양읍 경부고속도로 44,35.598372726,129.1409269,C001,이지차저
EC410099,서여주휴게소(양평방향) (급),경기도 여주시 세종대왕면 중부내륙고속도로 272,37.27818,127.5802,C001,이지차저
EC410100,남한강(창원)휴게소 (급),경기도 양평군 강상면 병산리 778-5,37.4828,127.4668,C001,이지차저
EC410101,남한강(포천)휴게소 (급),경기도 양평군 강상면 병산리 722-12,37.4833,127.4662,C001,이지차저
EC430006,단양팔경휴게소 (부산방향) (급),충청북도 단양군 적성면 기동2길 32-37,36.99458,128.2884,C001,이지차저
EC430007,단양팔경휴게소 (춘천방향) (급),충청북도 단양군 단성면 하방3길 100,36.94339,128.3236,C001,이지차저
EC430008,속리산휴게소 (청주방향) (급),충청북도 보은군 마로면 적암길 56-18,36.4469,127.8688,C001,이지차저
EC430009,오창휴게소 (통영방향) (급),충청북도 청주시 청원구 오창읍 중부고속도로 21,36.759,127.4813,C001,이지차저
EC430010,음성휴게소 (하남방향) (급),충청북도 음성군 삼성면 중부고속도로 52,37.0214,127.4841,C001,이지차저
EC430011,충주휴게소 (창원방향) (급),충청북도 충주시 중앙탑면 중부내륙고속도로 231,37.02309,127.8363,C001,이지차저
EC430012,옥산(부산)휴게소 (급),충청북도 청주시 흥덕구 옥산면 경부고속도로 309,36.657632503,127.36983704,C001,이지차저
EC440004,천안호두휴게소 (부산방향) (급),충청남도 천안시 동남구 수신면 성남로 793-40,36.730429,127.263078,C001,이지차저
EC440005,벌곡휴게소 (논산방향) (급),충청남도 논산시 벌곡면 호남지선고속도로 25,36.2175,127.2734,C001,이지차저
EC440006,벌곡휴게소 (대전방향) (급),충청남도 논산시 벌곡면 벌곡로 9-58,36.2098,127.2701,C001,이지차저
EC440007,서천휴게소 (서울방향) (급),충청남도 서천군 비인면 서해안고속도로 168,36.1322,126.6277,C001,이지차저
EC440008,홍성휴게소 (목포방향) (급),충청남도 홍성군 은하면 금국리 275-2,36.5531,126.5795,C001,이지차저
EC450020,익산미륵사지(천안)휴게소 (급),전북특별자치도 익산시 여산면 호남고속도로 192,36.049,127.1048,C001,이지차저
EC450021,이서휴게소 (순천방향) (급),전북특별자치도 완주군 이서면 호남고속도로 161,35.8045,127.0241,C001,이지차저
EC450022,이서휴게소 (천안방향) (급),전북특별자치도 완주군 이서면 호남고속도로 162,35.80126,127.0252,C001,이지차저
EC450023,정읍녹두장군휴게소 (순천방향) (급),전북특별자치도 정읍시 북면 정신로 135-61,35.6014,126.8624,C001,이지차저
EC450024,정읍녹두장군휴게소 (천안방향) (급),전북특별자치도 정읍시 북면 하북1길 227-17,35.5999,126.8686,C001,이지차저
EC450025,정읍녹두장군휴게소 (천안방향)(급),전북특별자치도 정읍시 북면 하북1길 227-24,35.6005,126.8652,C001,이지차저
EC450026,진안마이산휴게소 (장수방향) (급),전북특별자치도 진안군 진안읍 익산장수고속도로 42,35.7752,127.4263,C001,이지차저
EC450027,강천산휴게소 (광주방향) (급),전북특별자치도 순창군 순창읍 광주대구고속도로 27,37.3657,127.1053,C001,이지차저
EC450028,강천산휴게소 (대구방향) (급),전북특별자치도 순창군 순창읍 광주대구고속도로 28,37.3642,127.1033,C001,이지차저
EC450029,춘향휴게소 (순천방향) (급),전북특별자치도 남원시 수지면 순천완주고속도로 49,35.3376912,127.3516,C001,이지차저
EC450030,춘향휴게소 (순천방향) (급),전북특별자치도 남원시 수지면 순천완주고속도로 49,35.3365467,127.3516,C001,이지차저
EC450031,춘향휴게소 (완주방향) (급),전북특별자치도 남원시 수지면 순천완주고속도로 50,35.3377,127.3538,C001,이지차저
EC450032,춘향휴게소 (완주방향) (급),전북특별자치도 남원시 수지면 순천완주고속도로 50,35.3377,127.3538,C001,이지차저
EC450033,익산미륵사지(천안)휴게소 (급),전북특별자치도 익산시 여산면 호남고속도로 192,36.049,127.1048,C001,이지차저
EC470007,김천휴게소 (서울방향) (급),경상북도 김천시 농소면 경부고속도로 194,36.130791,128.1649147,C001,이지차저
EC470008,화서휴게소 (영덕방향) (급),경상북도 상주시 화서면 터골길 51-25,36.4436377,127.9216,C001,이지차저
EC470009,남성주참외휴게소 (창원방향) (급),경상북도 성주군 선남면 중부내륙고속도로 77,35.86959,128.3167,C001,이지차저
EC470010,동명휴게소 (부산방향)(급),경상북도 칠곡군 동명면 중앙고속도로 123,36.0077,128.5461967,C001,이지차저
EC470011,성주휴게소 (창원방향) (급),경상북도 성주군 초전면 중부내륙고속도로 97,36.0113681,128.2602,C001,이지차저
EC470012,의성휴게소 (영덕방향) (급),경상북도 의성군 안계면 새못안길 45-47,36.4099527,128.4476509,C001,이지차저
EC470013,추풍령(서울)휴게소 (급),경상북도 김천시 봉산면 경부고속도로 214-1,36.199932368,128.00358508,C001,이지차저
EC470014,추풍령(서울)휴게소 (급),경상북도 김천시 봉산면 경부고속도로 214-1,36.199932368,128.00358508,C001,이지차저
EC470015,추풍령(부산)휴게소 (급),경상북도 김천시 봉산면 경부고속도로 214-1,36.199932368,128.00358508,C001,이지차저
EC470016,추풍령(부산)휴게소 (급),경상북도 김천시 봉산면 경부고속도로 214-1,36.199932368,128.00358508,C001,이지차저
EC480008,칠서휴게소 (양평방향) (급),경상남도 함안군 칠서면 계룡로 122-1,35.37019,128.4973,C001,이지차저
EC480009,함양휴게소 (대전방향) (급),경상남도 함양군 지곡면 효산길 23-11,35.5519251,127.7601,C001,이지차저
EC480010,함양휴게소 (통영방향) (급),경상남도 함양군 지곡면 효산길 23-31,35.5519251,127.7584,C001,이지차저
EC480011,통도사(부산)휴게소 (급),경상남도 양산시 하북면 경부고속도로 31-1,35.490075236,129.09204145,C001,이지차저
EC480012,통도사(부산)휴게소 (급),경상남도 양산시 하북면 경부고속도로 31-1,35.490075236,129.09204145,C001,이지차저
EC510001,원주휴게소 (부산방향) (급),강원특별자치도 원주시 호저면 마근거리길 120,37.4344865,127.9292844,C001,이지차저
EC510002,춘천휴게소(부산방향) (급),강원특별자치도 춘천시 동내면 영서로 1432,37.8126593,127.7669925,C001,이지차저
EC510003,치악휴게소 (부산방향) (급),강원특별자치도 원주시 신림면 치악로 416,37.2544069,128.0482039,C001,이지차저
EC510004,치악휴게소 (춘천방향) (급),강원특별자치도 원주시 신림면 다리실2길 32,37.2563047,128.0492174,C001,이지차저
EC510006,동해휴게소 (급),강원특별자치도 동해시 동해대로 6437,37.601081,129.0743891,C001,이지차저
EH213095,청주척산만남의광장급속(ENH),충청북도 청주시 서원구 남이면 청남로 1334,36.5617448,127.4471962,C002,이앤에이치에너지
EO000309,E1 용인처인휴게소(세종방향) 전기차충전소,경기도 용인시 처인구 모현읍 곡현로619번길 36,37.340893,127.21927,C001,E1
EO000310,E1 용인처인휴게소(포천방향) 전기차충전소,경기도 용인시 처인구 모현읍 곡현로619번길 36,37.340518,127.221019,C001,E1
EP190041,영덕 장사해돋이휴게소(김상원),경상북도 영덕군 남정면 동해대로 3763,36.2956405,129.3763189,C002,이카플러그
EV011687,충북옥천 금강휴게소,충청북도 옥천군 동이면 조령리 576,36.2794503,127.6737254,C001,에버온
GS000049,고양휴게소(문산방향),경기도 고양시 덕양구 수원문산고속도로 52,37.630917,126.852015,C001,GS칼텍스
HD000001,음성휴게소 (통영방향) E-pit,충청북도 음성군 삼성면 중부고속도로 51,37.018688064,127.48079185,C001,현대자동차
HD000002,안성휴게소 (서울방향) E-pit,경기도 안성시 원곡면 경부고속도로 372,37.0755757,127.1329907,C001,현대자동차
HD000003,안성휴게소 (부산방향) E-pit,경기도 안성시 원곡면 경부고속도로 365,37.0128961,127.1452245,C001,현대자동차
HD000004,화성휴게소 (목포방향) E-pit,경기도 화성시 만세구 팔탄면 서해안고속도로 301,37.145948,126.8787951,C001,현대자동차
HD000005,횡성휴게소 (강릉방향) E-pit,강원특별자치도 횡성군 안흥면 영동고속도로 154-2,37.4625793,128.1353174,C001,현대자동차
HD000006,내린천휴게소 (서울방향) E-pit,강원특별자치도 인제군 상남면 서울양양고속도로 117,37.9153291,128.2861463,C001,현대자동차
HD000007,칠곡휴게소 (부산방향) E-pit,경상북도 칠곡군 왜관읍 경부고속도로 159,36.0205754,128.4286496,C001,현대자동차
HD000008,문경휴게소 (양평방향) E-pit,경상북도 문경시 중부내륙고속도로 174,36.6199765,128.152732,C001,현대자동차
HD000009,군산휴게소 (서울방향) E-pit,전북특별자치도 군산시 나포면 서해안고속도로 148,36.019602538,126.79724361,C001,현대자동차
HD000010,문산휴게소 (순천방향) E-pit,경상남도 진주시 문산읍 남해고속도로 195,35.1720003,128.1522433,C001,현대자동차
HD000011,함안휴게소 (부산방향) E-pit,경상남도 함안군 군북면 현포로 205,35.2942868,128.3459713,C001,현대자동차
HD000012,함평나비휴게소 (무안방향) E-pit,전남광주통합특별시 함평군 엄다면 무안광주고속도로 11,35.0384942,126.5099527,C001,현대자동차
HD000042,가평휴게소(서울방향) E-pit,경기도 가평군 설악면 미사리로 544,37.7004138,127.5437702,C001,현대자동차
HD000043,가평휴게소(춘천방향) E-pit,경기도 가평군 설악면 미사리로540번길 51,37.7030421,127.5462785,C001,현대자동차
HD000044,안산 시화나래휴게소 E-pit,경기도 안산시 단원구 대부황금로 1927,37.310891434,126.60709275,C001,현대자동차
HD000051,장안휴게소(부산방향) E-pit,부산광역시 기장군 장안읍 동해고속도로 25,35.3802737,129.2463023,C001,현대자동차
HD000052,장안휴게소(울산방향) E-pit,부산광역시 기장군 장안읍 동해고속도로 26,35.3801212,129.2484436,C001,현대자동차
HD000069,경주 IC 휴게소 E-pit,경상북도 경주시 서라벌대로 420,35.8125768,129.1945303,C001,현대자동차
HD000088,영해휴게소 E-pit,경상북도 영덕군 영해면 동해대로 6568,36.529498046,129.40293306,C001,현대자동차
HE230153,합강정휴게소,강원특별자치도 인제군 인제읍 설악로 2254,38.077592646,128.18595073,C001,한국전기차충전서비스
HE230161,상월휴게소,충청남도 논산시 상월면 호월로 703,36.314472925,127.13013217,C001,한국전기차충전서비스
HE240021,사선대휴게소,전북특별자치도 임실군 관촌면 춘향로 3600,35.683513935,127.2641382,C001,한국전기차충전서비스
HE240378,아라마루휴게소,인천광역시 계양구 아라로 228,37.572639304,126.7013906,C001,한국전기차충전서비스
HM001052,가덕휴게소,부산광역시 강서구 거가대로 2571,35.022842672,128.80787065,C001,휴맥스이브이
HM001053,거제휴게소,경상남도 거제시 장목면 거가대로 1068,34.973337025,128.69286807,C001,휴맥스이브이
HM001318,서대산고향휴게실,충청남도 금산군 군북면 산꽃로 862,36.22069361,127.56792628,C002,휴맥스이브이
HM110191,알찬휴게소,경기도 의왕시 원터아랫길 11-1,37.39401658,127.01704148,C002,휴맥스이브이
HM110281,HK하이웨이 평택휴게소(상행_서울인천 방향),경기도 평택시 청북읍 평택제천고속도로 6,37.0439374,126.9441268,C001,휴맥스이브이
HM110282,HK하이웨이 평택휴게소(하행_음성제천방향),경기도 평택시 청북읍 평택제천고속도로 6,37.0450529,126.9451096,C001,휴맥스이브이
HM410025,만남의광장,강원특별자치도 양구군 국토정중앙면 정중앙로 682,38.1136541,128.038289,C002,휴맥스이브이
HP240003,해피차지 시흥 은계점,경기도 시흥시 수인로3247번길 57,37.43350455,126.79855852,C002,주식회사 해피차지
HP250007,해피차지 부천 소사점,경기도 부천시 소사구 소사동로 203,37.4796645,126.8148355,C002,주식회사 해피차지
HP250008,해피차지 남양주 별내점,경기도 남양주시 별내면 송산로 388,37.676430091,127.13502839,C002,주식회사 해피차지
HY000160,양평 용문휴게소,경기도 양평군 용문면 경강로 2946,37.4945991,127.5935807,C001,현대엔지니어링
HY000928,괴산 소금강휴게소,충청북도 괴산군 칠성면 쌍곡로 242,36.76173177,127.8897133,C002,현대엔지니어링
KGKHG005,양주휴게소,경기도 양주시 장흥면 수도권제1순환고속도로 58,37.67914,126.9159,C001,KH에너지(주)
KL001848,해오름 휴게소,경상북도 포항시 북구 기계면 기계로57번길 21,36.0682317,129.2109379,C002,(주)클린일렉스
KP000003,음성휴게소(통영방향),충청북도 음성군 삼성면 중부고속도로 51,37.01703347,127.4812921,C001,한국전력
KP000004,음성휴게소(하남방향),충청북도 음성군 삼성면 중부고속도로 52,37.02358207,127.484044,C001,한국전력
KP000005,오창휴게소(통영방향),충청북도 청주시 청원구 오창읍 중부고속도로 21,36.75848349,127.4817594,C001,한국전력
KP000006,오창휴게소(하남방향),충청북도 청주시 청원구 오창읍 중부고속도로 22,36.75730211,127.4824329,C001,한국전력
KP003269,서라벌광장휴게소,경상북도 경주시 율동 593,35.8125816417,129.1972241327,C002,한국전력
KP003386,화양강충전소,강원특별자치도 홍천군 두촌면 설악로 3330,37.799415,127.988075,C001,한국전력공사
KP003400,(고속도로)경주IC휴게소,경상북도 경주시 율동 64-1,35.8126904,129.194727,C001,한국전력
KP003434,철정휴게소,강원특별자치도 홍천군 두촌면 철정리 991-6,37.800317,127.987177,C001,한국전력
KP004395,양평만남의광장 전기차충전소,경기도 양평군 양서면 경강로 954,37.50795,127.3944,C002,한국전력
KP004470,(고속도로)청송휴게소 청주방면,경상북도 청송군 파천면 중평병부길 203-92,36.4567418,129.0114786,C001,한국전력
KP004999,벌곡휴게소,충청남도 논산시 벌곡면 호남지선고속도로 25,36.2177,127.2733,C001,한국전력
KP005092,홍화원휴게소,경상남도 산청군 신안면 둔철산로 39,35.3494,127.9352,C002,한국전력
KP005311,현풍휴게소(대구방면),대구광역시 달성군 현풍읍 비슬로 741,35.7018,128.4381,C001,한국전력
KP005312,현풍휴게소(창원방면),대구광역시 달성군 현풍읍 성하길 48,35.7017,128.4353,C001,한국전력
KP005344,진영(순천)휴게소,경상남도 김해시 진영읍 하계로96번길 68,35.2801,128.7161,C001,한국전력
KP005345,(고속도로)통도사휴게소 부산방향,경상남도 양산시 하북면 경부고속도로 31-1,35.4885,129.0914,C001,한국전력
KP005346,(고속도로)양산휴게소 서울방면,경상남도 양산시 동면 목장길 15-50,35.3233,129.0558,C001,한국전력
KP005347,(고속도로)언양휴게소 서울방면,울산광역시 울주군 언양읍 경부고속도로 44,35.59,129.14,C001,한국전력
KP005351,외동휴게소(울산방면),경상북도 경주시 외동읍 상석길 58-74,35.6726,129.2854,C001,한국전력
KP005352,외동휴게소(포항방면),경상북도 경주시 외동읍 상석길 58-70,35.6727,129.2884,C001,한국전력
KP005372,산청휴게소(대전방향),경상남도 산청군 단성면 통영대전고속도로 76,35.333,127.9391,C001,한국전력
KP005373,산청휴게소(통영방향),경상남도 산청군 단성면 통영대전고속도로 77,35.333,127.9373,C001,한국전력
KP005386,칠서휴게소(양평방향),경상남도 함안군 칠서면 계룡로 122-1,35.3714,128.4967,C001,한국전력
KP005428,용인휴게소 강릉방향,경기도 용인시 처인구 주북로94번길 30-1,37.2455,127.2433,C001,한국전력
KP005429,(고속도로)용인휴게소 인천방향,경기도 용인시 처인구 주북로 66-14,37.24,127.24,C001,한국전력
KP005430,(고속도로)여주휴게소 강릉방향,경기도 여주시 가남읍 화평길 116,37.23,127.57,C001,한국전력
KP005434,(고속도로)구리남양주 행복드림쉼터,경기도 구리시 수도권제1순환고속도로 27,37.5903,127.1561,C001,한국전력
KP005437,오수(완주) 고속도로,전북특별자치도 임실군 오수면 순천완주고속도로 74,35.5391,127.3109,C001,한국전력
KP005439,지리산휴게소 대구방향,전북특별자치도 남원시 아영면 광주대구고속도로 76,35.4813,127.5673,C001,한국전력
KP005443,백양사(순천) 휴게소,전남광주통합특별시 장성군 북이면 모현2길 90-1,35.394,126.8053,C001,한국전력
KP005444,백양사(천안) 휴게소,전남광주통합특별시 장성군 북일면 호남고속도로 108,35.393,126.8071,C001,한국전력
KP005455,섬진강휴게소 순천방향,전남광주통합특별시 광양시 진월면 신답길 24-14,34.9849,127.7686,C001,한국전력
KP005456,(고속도로)섬진강휴게소 부산방향,전남광주통합특별시 광양시 진월면 섬진강매화로 141,34.98,127.77,C001,한국전력
KP005462,보성녹차(순천)휴게소,전남광주통합특별시 보성군 겸백면 남해고속도로 70,34.8101,127.1826,C001,한국전력
KP005463,보성녹차(영암) 휴게소,전남광주통합특별시 보성군 미력면 남해고속도로 63,34.8139,127.1275,C001,한국전력
KP005478,(고속도로)곡성휴게소 순천방향,전남광주통합특별시 곡성군 겸면 호남고속도로 49,35.2586,127.1503,C001,한국전력
KP005479,(고속도로)곡성휴게소 논산방향,전남광주통합특별시 곡성군 겸면 호남고속도로 50,35.2597,127.1529,C001,한국전력
KP005485,춘천휴게소(부산방향),강원특별자치도 춘천시 동내면 영서로 1432,37.8126,127.7665,C001,한국전력
KP005488,홍천휴게소(양양방향),강원특별자치도 홍천군 화촌면 서울양양고속도로 84,37.7573,128.0042,C001,한국전력
KP005493,(고속도로)구정휴게소 동해방향,강원특별자치도 강릉시 구정면 동해고속도로 345,37.7226,128.8516,C001,한국전력
KP005494,평창휴게소 강릉방향,강원특별자치도 평창군 용평면 경강로 2159-58,37.6056,128.4528,C001,한국전력
KP005506,문막휴게소 강릉방향,강원특별자치도 원주시 문막읍 원문로 1234,37.3346,127.8576,C001,한국전력
KP005507,원주휴게소 춘천방향,강원특별자치도 원주시 호저면 마근거리길 110,37.434,127.9316,C001,한국전력
KP005600,거제대교 휴게소,경상남도 통영시 용남면 남해안대로 47,34.89,128.47,C001,한국전력
KRC10049,칠성휴게소,충청북도 괴산군 칠성면 중부로 5611,36.784342,127.878167,C002,이브이씨원
PC000139,금봉이 휴게소(제천),충청북도 제천시 송학면 북부로 3500,37.184607,128.286024,C002,파킹클라우드
PC000584,겁내골휴게소(산청),경상남도 산청군 단성면 묵곡리 241-3,35.278602,127.9673687,C002,파킹클라우드
PC000848,단양죽령휴게소,충청북도 단양군 대강면 죽령로 2152,36.898763506,128.43585364,C002,아이파킹
PI313357,안산시 시화나래휴게소,경기도 안산시 단원구 대부황금로 1927,37.310900529,126.60711808,C002,GS차지비
PI550067,고성군 적석산관광휴게소,경상남도 고성군 회화면 구만로 1332,35.0903948,128.3778471,C002,GS차지비
PI610453,순천시 상사호휴게소,전남광주통합특별시 순천시 상사면 상사호길 553,34.951237895,127.41656469,C002,GS차지비
PI700476,동부휴게소,제주특별자치도 제주시 조천읍 번영로 1619,33.457519,126.703718,C001,GS차지비
SGKHE002,SK엔크린 서부산휴게소,부산광역시 강서구 남해2지선고속도로 19,35.1572888,128.9487625,C001,SK시그넷
SGKHE004,의왕휴게소,경기도 의왕시 오전로 24,37.3469678,126.9851776,C001,SK시그넷 
SGKHE005,평택복합휴게소(평택방향),경기도 평택시 청북읍 평택제천고속도로 6,37.3469678,126.9851776,C001,SK시그넷 
SGKHE006,평택복합휴게소(제천방향),경기도 평택시 청북읍 평택제천고속도로 6,37.0448315,126.946019,C001,SK시그넷 
SGMAC001,마장프리미엄휴게소 상행선,경기도 이천시 마장면 중부고속도로 82,37.262667,127.4079037,C001,SK시그넷
SGMAC002,마장프리미엄휴게소 하행선,경기도 이천시 마장면 중부고속도로 82,37.2661602,127.4047885,C001,SK시그넷
SGMAC003,이인휴게소(천안방향),충청남도 공주시 이인면 논산천안고속도로 32,37.2661602,127.4047885,C001,SK시그넷
SGMAC005,정안알밤휴게소(상행선),충청남도 공주시 정안면 논산천안고속도로 58,36.5694495,127.1151023,C001,SK시그넷
SGMAC006,정안알밤휴게소(하행선),충청남도 공주시 정안면 논산천안고속도로 57,36.5707961,127.1120044,C001,SK시그넷
SGMAC007,행담도휴게소(상행선),충청남도 당진시 신평면 서해안고속도로 275,36.9455417,126.8069215,C001,SK시그넷
SGMAC008,행담도휴게소(하행선),충청남도 당진시 신평면 서해안고속도로 275,36.9455079,126.8068879,C001,SK시그넷
SGMAC009,탄천휴게소(논산방향),충청남도 공주시 탄천면 논산천안고속도로 27,36.3191631,127.070041,C001,SK시그넷
SGMAC010,덕평자연휴게소(인천방향),경기도 이천시 마장면 덕이로154번길 287-76,37.2412402,127.3898744,C001,SK시그넷
SGMAC011,덕평자연휴게소(강릉방향),경기도 이천시 마장면 덕이로154번길 287-76,37.2425999,127.3901519,C001,SK시그넷
SGMAC012,평창휴게소(인천방향),강원특별자치도 평창군 용평면 탑거리길 63,37.6105002,128.4630208,C001,SK시그넷
SGMAC015,이천쌀휴게소(하남),경기도 이천시 신둔면 서이천로853번길 346-129,37.293131,127.37901,C001,SK시그넷 
SGMAC016,오수휴게소(완주) ,전북특별자치도 임실군 오수면 순천완주고속도로 74,35.539353,127.311175,C001,SK시그넷 
SGMAC017,옥천휴게소(부산) ,충청북도 옥천군 옥천읍 서대구일로 265-19,36.296571,127.596369,C001,SK시그넷 
SGMAC018,오수휴게소(순천) ,전북특별자치도 임실군 오수면 순천완주고속도로 73,35.540296,127.30934,C001,SK시그넷 
SGMAC019,덕유산휴게소(통영),전북특별자치도 장수군 계북면 통영대전고속도로 147,35.814258,127.643551,C001,SK시그넷 
SGMAC020,황전휴게소(순천) ,전남광주통합특별시 순천시 황전면 순천완주고속도로 25,35.148335,127.454695,C001,SK시그넷 
SGMAC022,황간휴게소(부산) ,충청북도 영동군 황간면 회포길 102,36.249618,127.852841,C001,SK시그넷 
SGMAC023,죽전휴게소(서울) ,경기도 용인시 수지구 경부고속도로 400,37.331727,127.104437,C001,SK시그넷 
SGMAC024,고창고인돌휴게소(서울) ,전북특별자치도 고창군 고창읍 서해안고속도로 80,35.461201,126.67271,C001,SK시그넷 
SGMAC025,장흥정남진휴게소(목포) ,전남광주통합특별시 장흥군 부산면 남해고속도로 41,34.720311,126.930931,C001,SK시그넷 
SGMAC027,보성녹차휴게소(순천),전남광주통합특별시 보성군 겸백면 남해고속도로 70,34.807754,127.181635,C001,SK시그넷 
SGMAC028,옥천휴게소(서울) ,충청북도 옥천군 옥천읍 옥천동이로 242-34,36.2979263,127.599073,C001,SK시그넷 
SGMAC029,함평천지휴게소(목포) ,전남광주통합특별시 함평군 함평읍 서해안고속도로 31,35.068764,126.478367,C001,SK시그넷 
SGMAC030,백양사휴게소(천안) ,전남광주통합특별시 장성군 북일면 호남고속도로 108,35.393644,126.807337,C001,SK시그넷 
SGMAC031,덕유산휴게소(대전) ,전북특별자치도 무주군 안성면 통영대전고속도로 148,35.816948,127.645962,C001,SK시그넷 
SGMAC032,주암휴게소(천안) ,전남광주통합특별시 순천시 주암면 호남고속도로 24,35.0762,127.265671,C001,SK시그넷 
SGMAC033,함평나비휴게소(광주) ,전남광주통합특별시 함평군 엄다면 무안광주고속도로 12,35.037635,126.512286,C001,SK시그넷 
SGMAC034,보성녹차휴게소(영암) ,전남광주통합특별시 보성군 미력면 남해고속도로 63,34.814559,127.12519,C001,SK시그넷 
SGMAC035,금산인삼랜드휴게소(통영) ,충청남도 금산군 군북면 어필각로 300,36.153872,127.495242,C001,SK시그넷 
SGMAC036,지리산휴게소(광주) ,전북특별자치도 남원시 아영면 광주대구고속도로 75,35.483588,127.568012,C001,SK시그넷 
SGMAC037,부안고려청자휴게소(목포) ,전북특별자치도 부안군 주산면 서해안고속도로 103,35.671395,126.731858,C001,SK시그넷 
SGMAC038,부안고려청자휴게소(서울) ,전북특별자치도 부안군 주산면 서해안고속도로 106,35.672099,126.734838,C001,SK시그넷 
SGMAC039,곡성휴게소(순천) ,전남광주통합특별시 곡성군 겸면 호남고속도로 49,35.25821,127.151332,C001,SK시그넷 
SGMAC040,곡성휴게소(천안) ,전남광주통합특별시 곡성군 겸면 호남고속도로 50,35.259579,127.152191,C001,SK시그넷 
SGMAC041,주암휴게소(순천) ,전남광주통합특별시 순천시 주암면 호남고속도로 23,35.075958,127.264313,C001,SK시그넷 
SGMAC042,순천휴게소(순천) ,전남광주통합특별시 순천시 서면 호남고속도로 3,35.008641,127.445401,C001,SK시그넷 
SGMAC043,지리산휴게소(대구) ,전북특별자치도 남원시 아영면 광주대구고속도로 76-1,35.480898,127.566183,C001,SK시그넷 
SGMAC045,군산휴게소(서울) ,전북특별자치도 군산시 나포면 서해안고속도로 148,36.019243,126.797344,C001,SK시그넷 
SGMAC046,백양사휴게소(순천) ,전남광주통합특별시 장성군 북이면 호남고속도로 107,35.393946,126.80534,C001,SK시그넷 
SGMAC047,서산휴게소(서울) ,충청남도 서산시 해미면 서해안고속도로 242,36.733994,126.567041,C001,SK시그넷 
SGMAC048,서천휴게소(목포) ,충청남도 서천군 비인면 서해안고속도로 169,36.130116,126.625933,C001,SK시그넷 
SGMAC049,섬진강휴게소(부산) ,전남광주통합특별시 광양시 진월면 섬진강매화로 141,34.985022,127.771344,C001,SK시그넷 
SGMAC050,황전휴게소(완주),전남광주통합특별시 순천시 황전면 순천완주고속도로 28,35.15331603,127.4546436,C001,SK시그넷 
SGMAC051,화성휴게소(목포),경기도 화성시 만세구 팔탄면 서해안고속도로 301,37.146054,126.878832,C001,SK시그넷 
SGMAC052,홍성휴게소(서울),충청남도 홍성군 은하면 서해안고속도로 220,36.55373,126.581783,C001,SK시그넷 
SGMAC053,밀양영남루휴게소(울산),경상남도 밀양시 무안면 함양울산고속도로 88,35.4898129,128.6636083,C001,SK시그넷 
SGMAC054,밀양영남루휴게소(함양),경상남도 밀양시 무안면 함양울산고속도로 87-1,35.4920412,128.6642349,C001,SK시그넷 
SGMAC055,섬진강휴게소(순천),전남광주통합특별시 광양시 진월면 신답길 24-14,34.98513624,127.7684389,C001,SK시그넷 
SGMAC058,이천쌀휴게소(국도부),경기도 이천시 신둔면 용면리 산 77-1,37.2939384,127.3793952,C001,SK시그넷 
SGMAC060,신탄진휴게소(국도부),대전광역시 대덕구 상서동 241-2,36.4277284,127.418993,C001,SK시그넷
ST116534,서울만남휴게소 (부산),서울특별시 서초구 양재대로12길 73-71,37.45958384,127.04233054,C001,SK일렉링크
ST302307,신탄진휴게소 (서울),대전광역시 대덕구 산업단지로 27,36.428490523,127.41785136,C001,SK일렉링크
ST317115,언양휴게소 (서울),울산광역시 울주군 언양읍 경부고속도로 44,35.598372726,129.1409269,C001,SK일렉링크
ST317116,울주휴게소 (함양),울산광역시 울주군 삼동면 함양울산고속도로 133,35.511856806,129.12972887,C001,SK일렉링크
ST317117,울주휴게소 (울산),울산광역시 울주군 삼동면 함양울산고속도로 134,35.51155062,129.1321585,C001,SK일렉링크
ST411501,의정부휴게소,경기도 의정부시 구리포천고속도로 19,37.73183,127.115003,C001,SK일렉링크
ST413601,별내휴게소,경기도 남양주시 별내면 광전리 267-11,37.691903,127.129855,C001,SK일렉링크
ST414321,의왕청계행복드림쉼터,경기도 의왕시 안양판교로 476,37.393263719,127.0223271,C001,SK일렉링크
ST414517,서하남 간이 휴게소 (판교),경기도 하남시 수도권제1순환고속도로 19,37.5258413,127.1932983,C001,SK일렉링크
ST414634,기흥휴게소 (부산),경기도 용인시 기흥구 공세로 173,37.23573215,127.10355701,C001,SK일렉링크
ST415015,이천휴게소 (하남),경기도 이천시 신둔면 서이천로853번길 346-129,37.2938975,127.3795359,C001,SK일렉링크
ST416712,여주휴게소 (강릉),경기도 여주시 가남읍 여주남로 722,37.2384762,127.5717979,C001,SK일렉링크
ST416713,여주휴게소 (인천),경기도 여주시 가남읍 화평길 116,37.2398643,127.5706438,C001,SK일렉링크
ST421317,문막휴게소 (인천),강원특별자치도 원주시 문막읍 개나루길 13,37.297257541,127.81697022,C001,SK일렉링크
ST421511,옥계휴게소 (속초),강원특별자치도 강릉시 옥계면 동해고속도로 320,37.616167236,129.06011403,C001,SK일렉링크
ST421512,대관령 강릉휴게소 (강릉),강원특별자치도 강릉시 성산면 영동고속도로 232,37.7573566,128.8066236,C001,SK일렉링크
ST421513,대관령 강릉휴게소 (인천),강원특별자치도 강릉시 성산면 영동고속도로 231,37.7586042,128.8045105,C001,SK일렉링크
ST427203,홍천휴게소 (서울),강원특별자치도 홍천군 화촌면 서울양양고속도로 83,37.75898851,128.0064814,C001,SK일렉링크
ST427204,홍천강휴게소 (춘천),강원특별자치도 홍천군 북방면 도사곡길 223,37.713293,127.8259105,C001,SK일렉링크
ST427303,횡성휴게소 (인천),강원특별자치도 횡성군 안흥면 영동고속도로 153,37.464944984,128.13545984,C001,SK일렉링크
ST428101,내린천휴게소 (양양),강원특별자치도 인제군 상남면 서울양양고속도로 117-2,37.9096305,128.2814753,C001,SK일렉링크
ST431145,청주휴게소 (서울),충청북도 청주시 흥덕구 옥산면 경부고속도로 318,36.7167332,127.3474171,C001,SK일렉링크
ST431146,죽암휴게소 (부산),충청북도 청주시 서원구 현도면 경부고속도로 289,36.4869665,127.4291915,C001,SK일렉링크
ST431147,문의청남대휴게소 (청주),충청북도 청주시 상당구 문의면 당진영덕고속도로 123,36.5441999,127.4845484,C001,SK일렉링크
ST431148,문의청남대휴게소 (영덕),충청북도 청주시 상당구 문의면 당진영덕고속도로 124,36.5435254,127.4830365,C001,SK일렉링크
ST431149,오창휴게소 (하남),충청북도 청주시 청원구 오창읍 중부고속도로 20,36.756596962,127.48219971,C001,SK일렉링크
ST437604,괴산휴게소 (창원),충청북도 괴산군 장연면 중부내륙고속도로 205,36.831408768,127.95786572,C001,SK일렉링크
ST441324,망향휴게소 (부산),충청남도 천안시 서북구 성거읍 돌다리길 23-37,36.8541795,127.1804275,C001,SK일렉링크
ST441325,입장휴게소 (서울),충청남도 천안시 서북구 입장면 연곡길 407,36.943187633,127.19017427,C001,SK일렉링크
ST441504,공주휴게소 (대전),충청남도 공주시 당진영덕고속도로 72,36.496864612,127.16690571,C001,SK일렉링크
ST442106,서산휴게소 (목포),충청남도 서산시 해미면 서해안고속도로 241,36.742905025,126.56502141,C001,SK일렉링크
ST442107,서산휴게소 (시흥),충청남도 서산시 해미면 서해안고속도로 242,36.733948572,126.56492937,C001,SK일렉링크
ST447102,금산인삼랜드휴게소 (통영),충청남도 금산군 군북면 어필각로 300,36.1545682,127.4952073,C001,SK일렉링크
ST447703,서천휴게소 (목포),충청남도 서천군 비인면 성산리 416-1,36.1295536,126.626455,C001,SK일렉링크
ST448004,홍성휴게소 (서울),충청남도 홍성군 은하면 서해안고속도로 220,36.5510131,126.5812846,C001,SK일렉링크
ST451403,익산미륵사지휴게소 (순천),전북특별자치도 익산시 여산면 호남고속도로 191,36.0489939,127.1025816,C001,SK일렉링크
ST457303,덕유산휴게소 (하남),전북특별자치도 무주군 안성면 통영대전고속도로 148,35.815109793,127.64500481,C001,SK일렉링크
ST457402,덕유산휴게소 (통영),전북특별자치도 장수군 계북면 통영대전고속도로 147,35.811823448,127.64363473,C001,SK일렉링크
ST457502,오수휴게소 (순천),전북특별자치도 임실군 오수면 순천완주고속도로 73,35.5410082,127.309392,C001,SK일렉링크
ST457503,오수휴게소 (완주),전북특별자치도 임실군 오수면 순천완주고속도로 74,35.5402456,127.3116152,C001,SK일렉링크
ST457902,고창고인돌휴게소 (시흥),전북특별자치도 고창군 고창읍 서해안고속도로 80,35.461230761,126.67176708,C001,SK일렉링크
ST461506,황전휴게소 (전주),전남광주통합특별시 순천시 황전면 순천완주고속도로 28,35.1532275,127.454421,C001,SK일렉링크
ST461507,황전휴게소 (순천),전남광주통합특별시 순천시 황전면 순천완주고속도로 25,35.148837593,127.45416816,C001,SK일렉링크
ST468601,함평나비휴게소 (광주),전남광주통합특별시 함평군 엄다면 무안광주고속도로 12,35.0371304,126.509247,C001,SK일렉링크
ST471319,경주휴게소 (부산),경상북도 경주시 내남면 경부고속도로 59,35.7260022,129.1944922,C001,SK일렉링크
ST471927,선산휴게소 (양평),경상북도 구미시 옥성면 중부내륙고속도로 128,36.27651642,128.2497795,C001,SK일렉링크
ST472306,영천휴게소 (포항),경상북도 영천시 임고면 운주로 777,36.051631707,129.04189325,C001,SK일렉링크
ST472307,영천휴게소 (대구),경상북도 영천시 임고면 운주로 791,36.05268055,129.04497684,C001,SK일렉링크
ST472810,문경휴게소 (창원),경상북도 문경시 중부내륙고속도로 173,36.62051033,128.14993129,C001,SK일렉링크
ST477203,군위휴게소 (부산),대구광역시 군위군 군위읍 경북대로 4084,36.266553601,128.57503554,C001,SK일렉링크
ST477502,청송휴게소 (영덕),경상북도 청송군 파천면 중평병부길 203-115,36.4555278,129.0130349,C001,SK일렉링크
ST477503,청송휴게소 (청주),경상북도 청송군 파천면 중평병부길 203-92,36.45695726,129.01200371,C001,SK일렉링크
ST478401,남성주휴게소 (양평),경상북도 성주군 용암면 중부내륙고속도로 76,35.8573019,128.3199062,C001,SK일렉링크
ST478507,칠곡휴게소 (서울),경상북도 칠곡군 왜관읍 경부고속도로 158,36.0113284,128.4296167,C001,SK일렉링크
ST478508,동명휴게소 (춘천),경상북도 칠곡군 동명면 중앙고속도로 122,36.0042538,128.5493454,C001,SK일렉링크
ST481713,진주휴게소 (부산),경상남도 진주시 남해고속도로 194,35.159693446,128.12198579,C001,SK일렉링크
ST482408,사천휴게소 (부산),경상남도 사천시 곤양면 서삼로 619,35.07303422,128.01079619,C001,SK일렉링크
ST482409,사천휴게소 (순천),경상남도 사천시 곤양면 묵실길 31-11,35.074905861,128.01292382,C001,SK일렉링크
ST482520,김해금관가야휴게소 (창원),경상남도 김해시 대동면 동남로 400,35.270339,129.003914,C001,SK일렉링크
ST487302,함안휴게소 (순천),경상남도 함안군 군북면 현포로 205-1,35.293982955,128.34523834,C001,SK일렉링크
ST487404,영산 휴게소 (창원),경상남도 창녕군 영산면 장척호수길 56-110,35.429177987,128.49534835,C001,SK일렉링크
ST488204,고성공룡나라휴게소 (통영),경상남도 고성군 대가면 통영대전고속도로 29,35.0519739,128.2634884,C001,SK일렉링크
ST488205,고성공룡나라휴게소 (대전),경상남도 고성군 대가면 통영대전고속도로 32,35.0560099,128.2523501,C001,SK일렉링크
ST600337,송산마도IC영업소,경기도 화성시 마도면 평택시흥고속도로 21,37.2097742,126.7531568,C001,SK일렉링크
ST600338,독정(시흥)졸음쉼터,경기도 화성시 장안면 독정리 1878-2,37.0647768,126.8633407,C001,SK일렉링크
ST600339,장안(평택)졸음쉼터,경기도 화성시 장안면 평택시흥고속도로 7,37.0927474,126.8447807,C001,SK일렉링크
ST600362,송산포도휴게소(평택방향),경기도 화성시 송산면 평택시흥고속도로 25,37.237254001,126.75718553,C001,SK일렉링크
ST600363,송산포도휴게소(시흥방향),경기도 화성시 송산면 평택시흥고속도로 25,37.236343738,126.75708421,C001,SK일렉링크
ST600368,신녕IC영업소,경상북도 영천시 화산면 신정길 60-40,36.039184964,128.8110294,C001,SK일렉링크
ST600397,낙동강구미휴게소 (상행),경상북도 구미시 도개면 용산리 산29-10,36.3436502,128.3009447,C001,SK일렉링크
ST600398,낙동강의성휴게소 (하행),경상북도 구미시 도개면 용산리 산21-8,36.3448486,128.2970775,C001,SK일렉링크
ST600399,삼국유사군위휴게소 (상주),대구광역시 군위군 부계면 치산효령로 989-23,36.079330672,128.69730751,C001,SK일렉링크
ST600400,군위영천휴게소 (영천),대구광역시 군위군 산성면 치산효령로 865-43,36.0708186,128.7077762,C001,SK일렉링크
ST601527,화성휴게소 (서울),경기도 화성시 만세구 팔탄면 서해안고속도로 302,37.1423392,126.8809619,C001,SK일렉링크
ST601528,서여주휴게소 (양평),경기도 여주시 세종대왕면 중부내륙고속도로 272,37.2793237,127.5803265,C001,SK일렉링크
ST601531,고창고인돌휴게소 (목포),전북특별자치도 고창군 신림면 서해안고속도로 81,35.469802821,126.6746627,C001,SK일렉링크
ST601532,금산인삼랜드휴게소 (대전),충청남도 금산군 군북면 대암길 34-30,36.153856727,127.49787154,C001,SK일렉링크
ST601534,대천휴게소 (서울),충청남도 보령시 주교면 서해안고속도로 200,36.374771041,126.55775066,C001,SK일렉링크
ST601535,벌곡휴게소 (논산),충청남도 논산시 벌곡면 호남지선고속도로 25,36.218364744,127.27425755,C001,SK일렉링크
ST601536,서천휴게소 (서울),충청남도 서천군 비인면 서해안고속도로 168,36.131318774,126.62819595,C001,SK일렉링크
ST601538,이서휴게소 (순천),전북특별자치도 완주군 이서면 호남고속도로 161-1,35.803204084,127.02411016,C001,SK일렉링크
ST601539,이서휴게소 (천안),전북특별자치도 완주군 이서면 호남고속도로 162,35.8013855,127.0254289,C001,SK일렉링크
ST601540,김제휴게소 (새만금),전북특별자치도 김제시 하정로 93,35.841742,126.9038669,C001,SK일렉링크
ST601541,김제휴게소 (전주),전북특별자치도 김제시 백산면 하정2길 126,35.8394016,126.8965202,C001,SK일렉링크
ST601542,영덕휴게소 (영덕),경상북도 영덕군 남정면 포항영덕고속도로 22,36.280086387,129.36421219,C001,SK일렉링크
SZBA0022,(23년) FILTSON 진영휴게소(부산방면),경상남도 김해시 진영읍 하계로96번길 94-4,35.2781927,128.716205,C001,SG생활안전
VTE00062,계룡휴게소,대전광역시 유성구 현충원로 185,36.360668,127.291609,C002,볼타
SGKHE000,양주휴게소 (일산방향),경기도 양주시 장흥면 수도권제1순환고속도로 58,37.6791978,126.9157812,C001,SK시그넷
SGKHE001,서부산휴게소,부산광역시 강서구 남해2지선고속도로 19,35.1564561,128.9493336,C001,SK시그넷
SGMAC044,망향휴게소(부산) ,충청남도 천안시 서북구 성거읍 돌다리길 23-37,36.854312,127.180466,C001,SK시그넷 
ME18C229,군위(춘천) 휴게소,대구광역시 군위군 군위읍 경북대로 4082,36.264836,128.576084,C001,기후에너지환경부
ME18C251,삼국유사 군위(서울) 휴게소,대구광역시 군위군 부계면 치산효령로 989-23,36.07904,128.697565,C001,기후에너지환경부
ME18C257,논공(대구) 휴게소,대구광역시 달성군 논공읍 삼리리 543,35.764417,128.402159,C001,기후에너지환경부
ME18C282,옥천(부산) 휴게소,충청북도 옥천군 옥천읍 서대구일로 265-19,36.29704,127.595169,C001,기후에너지환경부
ME18C289,오창(하남) 휴게소,충청북도 청주시 청원구 오창읍 중부고속도로 20,36.755851,127.481339,C001,기후에너지환경부
ME18C291,천등산(제천) 휴게소,충청북도 충주시 산척면 용암길 94,37.0615102,127.9401265,C001,기후에너지환경부
ME20A243,수원~광명고속도로 남광명TG 주차장,경기도 광명시 가학로 119,37.4150469,126.862156,C001,기후에너지환경부
ME20A245,수원~광명고속도로 남군포TG 주차장,경기도 군포시 번영로 147-95,37.3263854,126.9282202,C001,기후에너지환경부
ME20A802,매송(목포) 휴게소,경기도 화성시 효행구 매송면 서해안고속도로 315,37.264138,126.8884544,C001,기후에너지환경부
ME20A803,매송(서울) 휴게소,경기도 화성시 효행구 매송면 서해안고속도로 316,37.2657803,126.8923131,C001,기후에너지환경부
ME20C2b6,오창(남이) 휴게소,충청북도 청주시 청원구 오창읍 중부고속도로 21,36.7591587,127.4814778,C001,기후에너지환경부
ME21C274,황간(서울) 휴게소,충청북도 영동군 황간면 회포리 117,36.248589,127.854507,C001,기후에너지환경부
ME21C415,용암주유소(휴게소),전북특별자치도 완주군 상관면 용암리 318-6,35.7156508,127.2352691,C002,기후에너지환경부
ME23A212,오산(과천)휴게소,경기도 오산시 금암동 산33-10,37.1790673,127.0374496,C001,기후에너지환경부
ME22A309,가평(서울)휴게소,경기도 가평군 설악면 미사리로544,37.7008523,127.5434852,C001,기후에너지환경부
ME22A310,가평(춘천)휴게소,경기도 가평군 설악면 미사리 146-2,37.7028504,127.5468245,C001,기후에너지환경부
ME22A320,낙동강의성휴게소(하행),경상북도 구미시 도개면 용산리 산21-8,36.3448149,128.2969842,C001,기후에너지환경부
ME22A337,영광(목포)임시주차장,전남광주통합특별시 영광군 군서면 서해안고속도로 51,35.2421364,126.5093276,C001,기후에너지환경부
ME22A342,완주(장수)임시주차장,전북특별자치도 완주군 용진읍 익산장수고속도로 14,35.8764104,127.1943031,C001,기후에너지환경부
ME22A343,완주(익산)임시주차장,전북특별자치도 완주군 용진읍 익산장수고속도로 13,35.8778651,127.1958577,C001,기후에너지환경부
ME22A351,금왕(제천)휴게소,충청북도 음성군 금왕읍 평택제천고속도로 70,36.9688197,127.5901684,C001,기후에너지환경부
ME22A354,옥산(부산)휴게소,충청북도 청주시 흥덕구 옥산면 오산리 590-15,36.6570394,127.3703405,C001,기후에너지환경부
ME19B407,무주IC만남의광장점,전북특별자치도 무주군 무주로 1739,35.973357,127.651458,C002,기후에너지환경부
ME19X453,삼한휴게소,충청북도 음성군 생극면 중원대로 ,37.0546864,127.6020689,C002,기후에너지환경부
ME22B310,안성맞춤(제천)휴게소,경기도 안성시 서운면 평택제천고속도로 40,36.9680549,127.2750808,C001,기후에너지환경부
ME22B323,영천(포항)휴게소,경상북도 영천시 임고면 금대리 1007-6,36.051131,129.0437385,C001,기후에너지환경부
ME22B332,부안고려청자(서울)휴게소,전북특별자치도 부안군 주산면 덕림리 922-19,35.6724448,126.7349208,C001,기후에너지환경부
ME22B333,부안고려청자(목포)휴게소,전북특별자치도 부안군 주산면 덕림리 933-7,35.6713681,126.7316917,C001,기후에너지환경부
ME22B334,남원(대구)임시주차장,전북특별자치도 남원시 광주대구고속도로 52,35.4156338,127.344254,C001,기후에너지환경부
ME22B335,남원(광주)임시주차장,전북특별자치도 남원시 광주대구고속도로 51,35.4164804,127.341548,C001,기후에너지환경부
ME22B337,벌곡(대전)휴게소,충청남도 논산시 벌곡로 9-58,36.209817,127.2697871,C001,기후에너지환경부
ME22B338,서천(서울)휴게소,충청남도 서천군 비인면 서해안고속도로 168 ,36.1321619,126.6275059,C001,기후에너지환경부
ME22B342,황간(서울)휴게소,충청북도 영동군 회포1길 65,36.2485222,127.8546968,C001,기후에너지환경부
ME22B601,치악(부산)휴게소,강원특별자치도 원주시 신림면 금창리 341-1,37.2545067,128.0481578,C001,기후에너지환경부
ME22B605,군산(목포)휴게소,전북특별자치도 군산시 성산면 서해안고속도로 141,35.9812334,126.8286226,C001,기후에너지환경부
ME22B606,관촌(완주)임시주차장,전북특별자치도 임실군 관촌면 방현리 산37,35.6910677,127.266596,C001,기후에너지환경부
ME22B607,관촌(순천)임시주차장,전북특별자치도 임실군 관촌면 방현리 산32,35.6890216,127.2673467,C001,기후에너지환경부
ME22B616,음성(남이)휴게소,충청북도 음성군 삼성면 용성리 중부고속도로 51,37.018287,127.4807047,C001,기후에너지환경부
ME22B620,평사(부산)휴게소,경상북도 경산시 진량읍 경부고속도로 105,35.8851108,128.8656333,C001,기후에너지환경부
ME22B621,안동(춘천)휴게소,경상북도 안동시 풍산읍 풍산태사로 1913-54,36.5522939,128.6439603,C001,기후에너지환경부
ME19D102,안동(부산) 휴게소,경상북도 안동시 풍산읍 풍산태사로 1903-27,36.55248791,128.64213245,C002,기후에너지환경부
ME19D104,서산(목포) 휴게소,충청남도 서산시 해미면 서해안고속도로 241,36.743812,126.565712,C001,기후에너지환경부
ME19D105,벌곡(논산) 휴게소,충청남도 논산시 벌곡면 호남지선고속도로 25,36.21757282,127.273271922,C002,기후에너지환경부
ME19D106,청도새마을(부산) 휴게소,경상북도 청도군 청도읍 하지길 59-49,35.5947225,128.7671389,C001,기후에너지환경부
ME19D107,충주(양평) 휴게소,충청북도 충주시 중앙탑면 중부내륙고속도로 230-1,37.02368935,127.83838352,C002,기후에너지환경부
ME19D108,사천(부산) 휴게소,경상남도 사천시 곤양면 서삼로 619,35.07480619,128.01343224,C002,기후에너지환경부
ME19D109,사천(순천) 휴게소,경상남도 사천시 곤양면 묵실길 31-11,35.07332245,128.0119393,C002,기후에너지환경부
ME19D110,장안(부산) 휴게소,부산광역시 기장군 장안읍 동해고속도로 25,35.3780808,129.246236,C002,기후에너지환경부
ME19D111,장안(울산) 휴게소,부산광역시 기장군 장안읍 동해고속도로 26,35.3819597,129.2486734,C002,기후에너지환경부
ME20C156,선산(창원) 휴게소,경상북도 구미시 옥성면 중부내륙고속도로 129,36.274946926,128.24976824,C001,기후에너지환경부
ME20D801,화성(서울) 휴게소,경기도 화성시 만세구 팔탄면 서해안고속도로 302,37.14313,126.881354,C001,기후에너지환경부
